https://down-bs-id.img.susercontent.com/id-11134207-7r98z-lnrz4p9uxg0r2c.webp,https://shope.ee/8UljTm33KN,87.800,20%,62,62.4,assets/images/20.jpg,JEMURAN GANTUNGAN BAJU BAYI 3 SUSUN JEPITAN BAJU P...,Jemuran Gantungan Baju Bayi 3 Susun Jepitan Baju Pakaian Bayi Baby Anak Jemuran Portable Menara Lipat Stainless,null.png,0
https://down-bs-id.img.susercontent.com/id-11134207-7qukz-lj30k3tk6ju59c.webp,https://shope.ee/7fCcTtJa33,44.999,40%,74.998,12,assets/images/40.jpg,GANTUNGAN JEMURAN BAJU BAYI PASTEL,Gantungan Jemuran Baju Bayi Pastel,mall.png,2
https://down-bs-id.img.susercontent.com/id-11134207-7r98p-lmpg5eof8j352a.webp,https://shope.ee/7AGLt8zRRJ,159.900,20%,199.875,31.1,assets/images/20.jpg,COOGER RAK JEMURAN 24 KLIP JEMURAN BAJU BAYI HANDU...,COOGER Rak Jemuran 24 Klip Jemuran Baju Bayi Handuk Celana Dalam Stainless Steel 3 Tingkat Serbaguna Pakaian Jilbab Celana,mall.png,2
https://down-bs-id.img.susercontent.com/id-11134207-7r98x-loqezogl61pfaf.webp,https://shope.ee/g2s9THWeg,32.900,40%,54.833,16.6,assets/images/40.jpg,BLANKET ON THE GO 4IN1 BABY LEON SELIMUT BAYI HOOD...,Blanket On The Go 4in1 BABY LEON Selimut Bayi Hoodie Klip Selimut Tutup Stroller Cover Asi Selimut bayi Karakter Double Fleece Handuk tas anak Bayi Bedong jaket kado hampers perlengkapan lahiran Bayi baru lahir,null.png,0
https://down-bs-id.img.susercontent.com/id-11134207-7r98z-llna0kn8ffoe0c.webp,https://shope.ee/LQ1kvYVEe,25.290,30%,36.129,21.1,assets/images/30.jpg,PILIH MOTIF! SELIMUT BEDONG BAYI DOUBLE FLEECE BS-...,PILIH MOTIF! Selimut Bedong Bayi Double Fleece BS-05 Tebal Lembut Selimut Alas New Born Tidur Perlengkapan paket topi hoodie Bayi baru Lahir BS-120 BS-70-85,null.png,0
https://down-bs-id.img.susercontent.com/id-11134207-7r98o-ll0akw4cnqb378.webp,https://shope.ee/9UeGfo3GaX,28.800,50%,57.600,2.5,assets/images/50.jpg,WORLD HOME HANDUK MANDI BAYI HANDUK TOPI ANAK HAND...,World Home Handuk Mandi Bayi Handuk Topi Anak Handuk Selimut Bayi Motif Karakter Lembut Nyerap Air,mall.png,2
https://down-bs-id.img.susercontent.com/id-11134207-7r98r-lsec7kmgxi0t6a.webp,https://shope.ee/LQ1l0Wl3k,74.250,30%,106.071,6.2,assets/images/30.jpg,ON THE GO TRAVEL BABY BLANKET | SELIMUT BAYI UNTUK...,ON THE GO TRAVEL BABY BLANKET | Selimut Bayi untuk Apron Menyusui dan Stroller G1,null.png,0
https://down-bs-id.img.susercontent.com/id-11134201-23030-yftuaz1tflov4f.webp,https://shope.ee/9KKqTafPU5,59.400,50%,118.800,33.9,assets/images/50.jpg,3PCS BEDONG BAYI POLOS MOTIF LUCU SNI 110X90 LEMBU...,3pcs Bedong Bayi Polos Motif Lucu SNI 110x90 Lembut Halus Selimut Bayi Alas Bayi Murah,star.png,1
https://down-bs-id.img.susercontent.com/id-11134207-7qul2-ljoawuj0dzo814.webp,https://shope.ee/2VUWL4mt8O,43.600,30%,62.286,5.2,assets/images/30.jpg,SELIMUT BEDONG BAYI HARGA PROMO,selimut bedong bayi harga promo,star.png,1
https://down-bs-id.img.susercontent.com/73446f9cfac036f4fb6746a267c662a2.webp,https://shope.ee/g2s9lW2yY,43.500,30%,62.143,10.7,assets/images/30.jpg,1/2 LUSIN BEDONG T1 / SELIMUT BAYI KATUN FLANEL 90...,1/2 Lusin Bedong T1 / Selimut Bayi Katun Flanel 90 x 72 cm Bedong Kotak Bedong Jumbo gedong bayi newborn 90 x 90 super jumbo pernel ? lusin lampin lamping,null.png,0
https://down-bs-id.img.susercontent.com/id-11134207-7r98t-lmxbxt5q8z3502.webp,https://shope.ee/9KKqTkfq54,25.639,30%,36.627,75.4,assets/images/30.jpg,GENDONGAN KAOS BAYI NYAMAN PRAKTIS INSTAN SAMPING ...,Gendongan kaos Bayi NYAMAN PRAKTIS INSTAN Samping Depan M shape Geos Baby Star / Bright Star Praktis BY-59 BY-75 kado hampers perlengkapan selimut cover asi bayi baru lahir murah,null.png,0
https://down-bs-id.img.susercontent.com/id-11134207-7r98x-lro5tud00rp0fc.webp,https://shope.ee/604OVgZNnV,109.000,20%,136.250,7.2,assets/images/20.jpg,SELIMUT BAYI BLANKET CLIP & GO 3IN1 DIAMOND SERIES,Selimut Bayi Blanket Clip & Go 3in1 Diamond Series,mall.png,2
https://down-bs-id.img.susercontent.com/id-11134207-7r98q-lo4uwddri3v788.webp,https://shope.ee/1LIYxERmTQ,9.900,50%,19.800,18.1,assets/images/50.jpg,SIKAT MULTIFUNGSI PEMBERSIH BOTOL 3 IN 1 D95 CLEAN...,Sikat Multifungsi Pembersih Botol 3 in 1 D95 Cleaning Bottle Brush 360.../Sikat Botol Susu Bayi/Cetakan Es Batu,mall.png,2
https://down-bs-id.img.susercontent.com/sg-11134201-22110-y56d5z16cqjvde.webp,https://shope.ee/1LIYxIM2Yl,24.990,30%,35.700,15.1,assets/images/30.jpg,SIKAT BOTOL SUSU BAYI 3IN1 BAHAN SILIKON PEMBERSIH...,Sikat Botol Susu Bayi 3in1 Bahan Silikon Pembersih Dot,null.png,0
https://down-bs-id.img.susercontent.com/e1694efb72d662032a82dadf1a6da39d.webp,https://shope.ee/8pOZt7EgAC,20.800,30%,29.714,28.1,assets/images/30.jpg,BOTOL MINUM BAYI LUCU / BOTOL MINUM BAYI 280ML / B...,Botol Minum Bayi Lucu / Botol Minum Bayi 280ML / Botol Minum Baby Kettle Duck Beak,null.png,0
https://down-bs-id.img.susercontent.com/id-11134207-7qul8-lfm1gywj0lzh0b.webp,https://shope.ee/20YFkcljtN,39.500,30%,56.429,9,assets/images/30.jpg,YOMI - RAK PENGERING BOTOL SUSU BAYI P96/ SIKAT BO...,YOMI - Rak Pengering Botol Susu Bayi P96/ Sikat Botol Susu Bayi 4 in1 P95,mall.png,2
https://down-bs-id.img.susercontent.com/4f49b1cc3d66a8a4e0a744810dc854ca.webp,https://shope.ee/1fvPM3H8Tp,46.700,30%,66.714,10.7,assets/images/30.jpg,BOTOL DOT SILICONE SENDOK MAKAN BAYI,Botol Dot Silicone sendok makan bayi,null.png,0
https://down-bs-id.img.susercontent.com/sg-11134201-23010-cwj8aos8pemv30.webp,https://shope.ee/2fnwXzfUsH,22.900,30%,32.714,42.5,assets/images/30.jpg,GOTO PINGUI BOTOL MINUM BAYI SEDOTAN LUCU ANAK TRA...,Goto Pingui Botol Minum Bayi Sedotan Lucu Anak Training Cup Baby Viral,mall.png,2
https://down-bs-id.img.susercontent.com/id-11134207-7r990-lnf2lyvnli2i40.webp,https://shope.ee/2LB69KhygS,95.000,20%,118.750,8.4,assets/images/20.jpg,BOTOL SUSU BAYI SILIKON ANTI KOLIK LEHER LEBAR,Botol Susu Bayi Silikon Anti Kolik Leher Lebar,mall.png,2
https://down-bs-id.img.susercontent.com/5346f86b7442bff1dc7899c9a3478503.webp,https://shope.ee/20YFko7pcR,73.800,50%,147.600,61.9,assets/images/50.jpg,YOMI - RAK PENGERING BOTOL BAYI ANAK 8516/17 PERLE...,YOMI - Rak Pengering Botol Bayi Anak 8516/17 Perlengkapan Bayi - Pengering Botol Gelas Serbaguna,null.png,0
https://down-bs-id.img.susercontent.com/id-11134201-7r98o-logqmhrwz52xcd.webp,https://shope.ee/2LB69UmfXZ,95.100,20%,118.875,125.9,assets/images/20.jpg,ZWITSAL ESSENTIAL BABY GIFT SET HAMPERS BAYI ZWITS...,Zwitsal Essential Baby Gift Set Hampers Bayi Zwitsal Natural Paket Perlengkapan Bayi 1 Pc,mall.png,2
https://down-bs-id.img.susercontent.com/id-11134207-7r991-lmhge4ll0uj261.webp,https://shope.ee/1fvPWFTwsz,11.990,30%,17.129,116.6,assets/images/30.jpg,TISSUE BASAH MITU BABY | BABY WIPES TISUE BASAH BA...,Tissue Basah MITU Baby | Baby Wipes Tisue Basah Bayi Set Beli 1 Gratis 1 50's + 50's,null.png,0
https://down-bs-id.img.susercontent.com/id-11134207-7r98s-lmo6p99q74pt7f.webp,https://shope.ee/A9txdwDdqv,159.000,20%,198.750,48.1,assets/images/20.jpg,HONEY BOO - BABY PLAYGYM PIANO PLAYMAT MAINAN PLAY...,Honey Boo - Baby Playgym Piano Playmat Mainan Playmat Set Music Play Gym Matras Mainan Anak Bayi,mall.png,2
https://down-bs-id.img.susercontent.com/id-11134207-7r98z-lt0iv4rvjyl562.webp,https://shope.ee/1LIZ7mA3IC,89.500,30%,127.857,40.5,assets/images/30.jpg,MINIMI BABY PLAYGYM PLAYMATE SET MUSIC PLAY GYM MA...,Minimi Baby Playgym Playmate Set Music Play Gym Matras Mainan Anak Mainan Bayi Playmate Piano Babygym Kualitas Import,null.png,0
https://down-bs-id.img.susercontent.com/7544ed49d060a49c951eccaef0e0b907.webp,https://shope.ee/B6bjgi9GS,99.193,30%,141.704,39.8,assets/images/30.jpg,KASUR BAYI TENDA KELAMBU / KASUR BABY KELAMBU SET ...,KASUR BAYI TENDA KELAMBU / KASUR BABY KELAMBU SET BANTAL FREE BANTAL PEYANG CROWN + 2 GULING BABY,star.png,1
https://down-bs-id.img.susercontent.com/id-11134201-7r992-lqbnyxf5aszp84.webp,https://shope.ee/8KSJSm26Ni,64.900,40%,108.167,18.6,assets/images/40.jpg,TEETHER BAYI GIGITAN BAYI BPA FREE MAINAN KERINCIN...,Teether bayi gigitan bayi bpa free Mainan Kerincingan Bayi 0-12 Bulan Pendidikan Awal Teether Bayi Set Rattle Bayi Musik,null.png,0
https://down-bs-id.img.susercontent.com/id-11134207-7r992-lrtrf9vqn58429.webp,https://shope.ee/5V885blLYx,59.999,40%,99.998,9.1,assets/images/40.jpg,BABY CARE SET 10IN1 / HAMPERS BAYI / KADO / PERFEC...,Baby Care Set 10in1 / Hampers Bayi / Kado / Perfect Gift Baby New Born Care,mall.png,2
https://down-bs-id.img.susercontent.com/dbb4b04afa953664dcfb47349af0b179.webp,https://shope.ee/4psRIWOFbO,14.250,30%,20.357,83.2,assets/images/30.jpg,SARUNG TANGAN BAYI SARUNG KAKI BAYI SARUNG TANGAN ...,Sarung Tangan Bayi Sarung Kaki Bayi Sarung Tangan Kaki Bayi Newborn Sarung Tangan Polos Pastel Set Pasang Grosir Murah,null.png,0
https://down-bs-id.img.susercontent.com/sg-11134201-22100-6vt2ki3bl9iv1c.webp,https://shope.ee/4KwAhdcc8Z,27.160,40%,45.267,54.8,assets/images/40.jpg,4IN1 BEDONG BAYI TOPI KUPLUK BAYI SARUNG TANGAN KA...,4in1 Bedong Bayi Topi Kupluk Bayi Sarung Tangan Kaki Bayi Perlengkapan bayi baru lahir Kain Selimut Bayi Kain Bedongan bayi Alas Tidur Bayi Selimut Tidur Bayi Baby Hat Set Topi Bulat Bayi Perlengkapan,null.png,0
https://down-bs-id.img.susercontent.com/id-11134207-7qul7-lhpqnckfmuji59.webp,https://shope.ee/4KwAhgxKeO,34.400,20%,43.000,14.2,assets/images/20.jpg,HAMPERS HANDUK BAYI - HAMPERS BAYI NEWBORN - BABY ...,Hampers Handuk Bayi - Hampers Bayi Newborn - Baby Gift Set Unisex - Kado Lahiran - Parcel Bayi Laki-laki Perempuan,star.png,1
https://down-bs-id.img.susercontent.com/id-11134207-7r992-lpugtvvix79icc.webp,https://shope.ee/VjS8js6oo,76.500,30%,109.286,14.1,assets/images/30.jpg,HAMPERS KADO BAYI HAMPER BABY GIRL BOY KADO HADIAH...,Hampers Kado Bayi Hamper Baby Girl Boy Kado Hadiah Lahiran Perempuan Laki Laki Gift Set Newborn Babygift Perempuan Laki-Laki Parcel Box Kotak Premium Eksklusif Kertas Bungkus Kado Lillegifts Baju Jumper Topi Sepatu Kaos Kaki Bandana Slabber Bib,null.png,0
https://down-bs-id.img.susercontent.com/24ced3e137d9df9d341ce149bcb98213.webp,https://shope.ee/5pkyUeDNYH,29.999,30%,42.856,27.9,assets/images/30.jpg,9IN1 ISI 3 TOPI BAYI 3 PASANG SARUNG TANGAN 3 PASA...,9in1 isi 3 Topi Bayi 3 Pasang Sarung Tangan 3 Pasang Sarung Kaki Bayi / Set Topi Sarung Tangan Kaki Bayi Baru Lahir Newborn Gift Set Baby Topi Bulat Polos Grosir Murah,null.png,0
https://down-bs-id.img.susercontent.com/id-11134207-7qul0-lh54hn3wa7oya0.webp,https://shope.ee/4VFauFH2LC,84.299,20%,105.374,13.5,assets/images/20.jpg,(ISI 5 SETEL) SETELAN ANAK & BAYI PIYAMA TIDUR COL...,(ISI 5 SETEL) Setelan Anak & Bayi Piyama Tidur Colourfur Print Set / Baju Anak Anak Unisex 0 - 4 Tahun/ Baju Tidur Anak Bayi / Baju Anak Perempuan / Baju Anak Laki Laki,null.png,0
https://down-bs-id.img.susercontent.com/id-11134207-7r98x-lny3t6vo67pldd.webp,https://shope.ee/1Az8w9tFRY,131.600,20%,164.500,5.1,assets/images/20.jpg,SAE - HAMPERS BAYI SILICONE FEEDING SET. PAKET MPA...,SAE - Hampers Bayi Silicone Feeding Set. Paket MPASI. Baby New Born Hampers. Kado Lahiran Bayi. New born Gift Set,null.png,0
https://down-bs-id.img.susercontent.com/ea9af6e44bb2273d392f8b726bf08985.webp,https://shope.ee/10fijuNT7w,64.500,50%,129.000,34.4,assets/images/50.jpg,YOUR BABY SHOP HAMPERS BAYI | NEWBORN BABY GIFT SE...,Your Baby Shop Hampers Bayi | Newborn Baby Gift Set Unisex| Kado Lahiran Bayi,null.png,0
https://down-bs-id.img.susercontent.com/sg-11134201-22120-ffbb52orkalvbd.webp,https://shope.ee/6ANotRpOA5,69.950,4%,72.865,59.5,Tidakadagambaryangsesuai,HAMPERS BAYI NEWBORN BABY GIFT SET UNISEX KADO LAH...,Hampers Bayi Newborn Baby Gift Set Unisex Kado Lahiran Parcel Bayi Laki-laki Perempuan,null.png,0