https://down-bs-id.img.susercontent.com/id-11134207-7r98v-lmxblzk56h7v2a.webp,https://shope.ee/6fK641NNQG,50.900,20%,63.625,61,assets/images/20.jpg,MAMYPOKO PANTS XTRA KERING X-TRA DRY STANDAR KUNIN...,MAMYPOKO PANTS XTRA KERING X-TRA DRY STANDAR KUNING S38 / M32 / L28 / XL26 / XXL24 MAMY POKO POPOK BAYI CELANA,null.png,0
https://down-bs-id.img.susercontent.com/423dffd8c3a769e9486295780cfe94d2.webp,https://shope.ee/5fRYsEYZ63,43.900,20%,54.875,21.1,assets/images/20.jpg,BERRIES POPOK BAYI BERRIES PANTS / TIPE CELANA M34...,BERRIES POPOK BAYI BERRIES PANTS / TIPE CELANA M34 / L30 / XL26 popok bayi murah,null.png,0
https://down-bs-id.img.susercontent.com/id-11134207-7r98t-llq29y46oaz055.webp,https://shope.ee/20YGVXpdv8,51.800,20%,64.750,20.2,assets/images/20.jpg,MERRIES PANTS GOOD SKIN POPOK SEKALI PAKAI CELANA ...,Merries Pants Good Skin Popok sekali pakai Celana NB-S40/M34/L30/XL26/XXL18/XXL28 - popok bayi / MERRIES PANTS NB - S40 / M34 / L30 / XL26 / XX18 / MERRIES GOOD SKIN,null.png,0
https://down-bs-id.img.susercontent.com/sg-11134201-22090-4f6vjxbazyhv51.webp,https://shope.ee/9A1R2kwkXz,45.900,20%,57.375,38.1,assets/images/20.jpg,SENSI DRY PANTS POPOK CELANA BAYI,sensi dry pants popok celana bayi,mall.png,2
https://down-bs-id.img.susercontent.com/sg-11134201-23010-g3fosawba3lv8f.webp,https://shope.ee/VjSisSfWc,43.465,20%,54.331,25,assets/images/20.jpg,HAPPY NAPPY SMART PANTS POPOK BAYI CELANA S40/M32/...,Happy Nappy Smart Pants Popok Bayi Celana S40/M32/L28,null.png,0
https://down-bs-id.img.susercontent.com/id-11134207-7r98o-llyq79l5xuvgd2.webp,https://shope.ee/7zpTekBQx7,50.400,20%,63.000,101,assets/images/20.jpg,[1 PACK] MAKUKU SAP DIAPERS COMFORT FIT MINI PANTS...,[1 PACK] MAKUKU SAP Diapers Comfort Fit Mini Pants/Tape NB32/S28/M26/L24/Xl22/XXL20 Popok Bayi Tipis Extra Dry Anti Gumpal Mengunci Cairan Cepat Kering Type Celana/Perekat,mall.png,2
https://down-bs-id.img.susercontent.com/9c8ab857e72cf4c40d2c39718023fd94.webp,https://shope.ee/3fgUUqYq5D,69.900,30%,99.857,3,assets/images/30.jpg,OUTFIT ANAK LAKI LAKI KOREAN STYLE SETELAN KAOS CE...,outfit anak laki laki korean style setelan kaos celana pendek bayi laki laki 0 5 tahun,null.png,0
https://down-bs-id.img.susercontent.com/sg-11134201-22090-bmfeg27ivxhveb.webp,https://shope.ee/3L3e6JGYfZ,50.149,40%,83.582,33.9,assets/images/40.jpg,18 PCS PAKET LAHIRAN SETELAN BAJU BAYI CELANA BAYI...,18 Pcs PAKET LAHIRAN SETELAN BAJU BAYI CELANA BAYI BARU LAHIR GIFT SET NEWBORN SNI LAKI PEREMPUAN MURAH UMMA BABY PERLENGKPAN BAYI BARU LAHIR 0 6 Diskon 3.3,null.png,0
https://down-bs-id.img.susercontent.com/5630dea599084f08dfac24686250c530.webp,https://shope.ee/6fK67AAbQr,10.000,30%,14.286,86.7,assets/images/30.jpg,CELANA LEGGING BAYI PEREMPUAN TUTUP KAKI CELANA LE...,Celana Legging bayi perempuan tutup kaki celana legging bayi buka kaki,star.png,1
https://down-bs-id.img.susercontent.com/id-11134207-7qul3-lgzz51k7pygjf7.webp,https://shope.ee/7fCdJ35JDq,94.050,30%,134.357,4.2,assets/images/30.jpg,18 PCS BAJU CELANA BAYI BARU LAHIR PAKET KOMPLIT P...,18 PCS baju celana bayi baru lahir paket komplit persiapan persalinan ayakan baby,null.png,0
https://down-bs-id.img.susercontent.com/id-11134207-7qul9-liev3zqni6q8d7.webp,https://shope.ee/3VN4LSX1tO,28.710,50%,57.420,87,assets/images/50.jpg,CELANA DALAM TATUR POPOK CLOTH DIAPER DIAPERS CLOD...,Celana Dalam Tatur Popok Cloth Diaper Diapers Clodi Training Pants Pipis Bayi Anak Baby 6 layers,null.png,0
https://down-bs-id.img.susercontent.com/id-11134207-7r98o-lrcm1r9ndtcp79.webp,https://shope.ee/7pW3VU5ypc,119.000,20%,148.750,11.4,assets/images/20.jpg,24 PCS BAJU DAN CELANA BAYI BARU LAHIR KUPLUK TOPI...,24 pcs baju dan celana bayi baru lahir kupluk topi bayi dan sarung tangan kaki seri abu minoru baby paket newborn baju bayi murah baju bayi laki laki baju bayi perempuan,star.png,1
https://down-bs-id.img.susercontent.com/1d9905e24d91d61e4f386b936bd143b4.webp,https://shope.ee/5fRYvXr9hj,71.000,30%,101.429,56.3,assets/images/30.jpg,BABY TUXEDO 1-3 TAHUN 0-8 TAHUN SET TUXEDO BAYI BA...,Baby tuxedo 1-3 tahun 0-8 tahun set tuxedo bayi baju kondangan celana panjang dan pendek tuxedo anak laki laki jas anak laki laki balita,null.png,0
https://down-bs-id.img.susercontent.com/d66a220231ca60723ab14b0fe991ecb2.webp,https://shope.ee/5fRYvbgXAo,14.950,30%,21.357,17.2,assets/images/30.jpg,POPOK KAIN BAYI P79 BISA CUCI ULANG CELANA TRAININ...,popok Kain Bayi P79 Bisa Cuci Ulang Celana Training Pants Anak Cloth Diaper Klodi Popok Anak Bayi,mall.png,2
https://down-bs-id.img.susercontent.com/8c92110c4e3d44d9057cbb7dca0dfdfd.webp,https://shope.ee/5V88jKgZD1,13.295,40%,22.158,53,assets/images/40.jpg,POPOK KAIN BAYI CUCI ULANG CLOTH DIAPER KLODI POPO...,popok Kain Bayi Cuci Ulang Cloth Diaper Klodi Popok Bayi / Clodi Celana Training Pants Anak,null.png,0
https://down-bs-id.img.susercontent.com/2c01308e2484372d03b1c3e9a94dfe46.webp,https://shope.ee/9pH7zmv44e,33.000,30%,47.143,11.7,assets/images/30.jpg,CELANA POP BAYI 1 LUSIN / CELANA DALAM BAYI 12 PCS,celana pop bayi 1 lusin / celana dalam bayi 12 pcs,null.png,0
https://down-bs-id.img.susercontent.com/id-11134207-23010-w1t24otezemv0f.webp,https://shope.ee/6V0g1hkTWs,31.250,30%,44.643,18.4,assets/images/30.jpg,CELANA POP BAYI ISI 12 PCS DAN 6 PCS KEMASAN DUS K...,Celana Pop Bayi Isi 12 Pcs dan 6 Pcs Kemasan Dus Kado Bayi Pakaian Bayi,star.png,1
https://down-bs-id.img.susercontent.com/1e28bedc2bd4fb7fa68ebbb3be2965fe.webp,https://shope.ee/2fnxSibajs,35.900,30%,51.286,50.3,assets/images/30.jpg,12 PCS CELANA PANJANG BAYI ( 1 LUSIN ) MURAH LUSIN...,12 Pcs Celana panjang bayi ( 1 Lusin ) Murah Lusinan,null.png,0
https://down-bs-id.img.susercontent.com/8fafe7d18d1977047cd8f0eef96bb1f5.webp,https://shope.ee/8pOao7H2Lx,13.900,20%,17.375,75.7,assets/images/20.jpg,CELANA PENDEK ANAK KOLOR HARIAN SANTAI BOKSER BOXE...,CELANA PENDEK ANAK KOLOR HARIAN SANTAI BOKSER BOXER ANAK ANAK BAYI COWOK LAKI LAKI CELPEN ANAK LAKI LAKI CEWEK COWOK PEREMPUAN UNISEX TERMURAH TERLARIS MURAH RUMAHAN BAHAN TEBAL,null.png,0
https://down-bs-id.img.susercontent.com/5e5a8c9470f61a7168bede1bbb16f4b3.webp,https://shope.ee/8f5Ac2yPft,29.750,30%,42.500,70.5,assets/images/30.jpg,SETELAN BAJU ANAK LAKI LAKI SET ROMPI ANAK BAJU KA...,SETELAN BAJU ANAK LAKI LAKI SET ROMPI ANAK BAJU KAOS DAN CELANA ANAK LAKI LAKI 1-5TAHUN TERLARIS,star.png,1
https://down-bs-id.img.susercontent.com/751dde5427771ed72ab0992ceb9211a1.webp,https://shope.ee/1fvQHEb35d,40.500,30%,57.857,49.9,assets/images/30.jpg,SARUNG CELANA ANAK DAN DEWASA CELANA INSTAN,Sarung Celana Anak Dan Dewasa Celana Instan,star.png,1
https://down-bs-id.img.susercontent.com/c97860d076c9b1df4f69413b10d44162.webp,https://shope.ee/1Vc04y9nYd,37.900,30%,54.143,225.7,assets/images/30.jpg,CELANA ANAK LAKI LAKI CHINO ANAK BISA COD 1-12 TAH...,Celana Anak Laki Laki CHINO ANAK bisa COD 1-12 Tahun,null.png,0
https://down-bs-id.img.susercontent.com/c97860d076c9b1df4f69413b10d44162.webp,https://shope.ee/9exho0myVJ,37.000,20%,46.250,58.1,assets/images/20.jpg,CELANA CHINO ANAK PREMIUM 1-14 TAHUN BISA PILIH WA...,CELANA CHINO ANAK PREMIUM 1-14 TAHUN BISA PILIH WARNA / CELANA CHINOS PANJANG / CELANA PANJANG ANAK TERLARIS,null.png,0
https://down-bs-id.img.susercontent.com/id-11134207-7qul8-lkdezkwopv0i98.webp,https://shope.ee/5pkzF0Dp14,55.000,30%,78.571,41.5,assets/images/30.jpg,CELANA JEANS VARIASI DISTRO LIST BAWAH WARNA USIA ...,Celana Jeans variasi Distro List Bawah Warna Usia 1-13 Tahun,star.png,1
https://down-bs-id.img.susercontent.com/sg-11134201-22110-rc6lilenbikvd7.webp,https://shope.ee/2q7NfbMHGf,21.899,30%,31.284,84.1,assets/images/30.jpg,SET KIANO ANAK KIDS 1-5 TAHUN CELANA PANJANG,SET KIANO ANAK KIDS 1-5 TAHUN CELANA PANJANG,null.png,0
https://down-bs-id.img.susercontent.com/id-11134207-7qukw-lii6whypn3az13.webp,https://shope.ee/3fgUf4yJnX,18.999,40%,31.665,28.8,assets/images/40.jpg,NAJWA - CELANA DENIM ANAK PEREMPUAN DAHLIA / CELAN...,NAJWA - Celana Denim Anak Perempuan Dahlia / Celana Panjang Denim Dahlia,null.png,0
https://down-bs-id.img.susercontent.com/id-11134207-7r98u-lmqviy0is6toef.webp,https://shope.ee/AUWonl0H60,125.300,20%,156.625,3.3,assets/images/20.jpg,SHAHIA SERVANTINA - KEIKO ONESET SETELAN CELANA AN...,Shahia Servantina - Keiko Oneset Setelan Celana Anak Perempuan,mall.png,2
https://down-bs-id.img.susercontent.com/sg-11134201-22100-hltv4rz38tiv03.webp,https://shope.ee/3VN4SvUaFw,35.000,30%,50.000,17,assets/images/30.jpg,CELANA CUTBRAY ANAK BELAH DEPAN MODEL TERBARU BAHA...,Celana cutbray anak belah depan model terbaru bahan scuba,null.png,0
https://down-bs-id.img.susercontent.com/8704b8e06d6f5c707930e3f80310b35a.webp,https://shope.ee/7KZn22Ea5E,32.000,40%,53.333,87,assets/images/40.jpg,PILIH WARNA CELANA PANJANG CARGO ANAK LAKI LAKI 1-...,Pilih Warna Celana Panjang Cargo anak laki laki 1-13 tahun terbaru,null.png,0
https://down-bs-id.img.susercontent.com/5b997ead9632b423035b33b05372da14.webp,https://shope.ee/8KSKDuIUTo,47.300,30%,67.571,162.4,assets/images/30.jpg,CELANA ANAK CHINO PANJANG MELAR TWILL STRETCH USIA...,Celana Anak Chino Panjang Melar Twill Stretch Usia 1-9 Tahun,star.png,1
https://down-bs-id.img.susercontent.com/2ced7cc8fb0f63f34f15bee2229cb0b9.webp,https://shope.ee/9zaYD1FbnR,95.000,30%,135.714,10.9,assets/images/30.jpg,CELANA CARGO ANAK 2IN1 SAMBUNG BEST SELLER ORI PRE...,Celana Cargo Anak 2in1 Sambung BEST SELLER ORI Premium RDFL Usia 3-11 Tahun,null.png,0
https://down-bs-id.img.susercontent.com/678babaffc72bec5722d418d96e9e53c.webp,https://shope.ee/g2t64fDK1,32.000,30%,45.714,436.9,assets/images/30.jpg,ECER PILIH WARNA 1-13TH CELANA CHINO ANAK PANJANG ...,Ecer pilih warna 1-13th celana chino anak panjang laki-laki terlaris chinos slim fit,null.png,0
https://down-bs-id.img.susercontent.com/8c2df735a5bd9379eece06ead478c585.webp,https://shope.ee/8UlkQWnurK,84.500,20%,105.625,17.9,assets/images/20.jpg,CELANA ANAK CARGO PANJANG LAKI-LAKI DAN PEREMPUAN ...,Celana Anak Cargo Panjang Laki-Laki dan Perempuan Zunior Premium 6 Warna 1-12 Tahun,star.png,1
https://down-bs-id.img.susercontent.com/id-11134207-23030-sxpxlke6zdov7f.webp,https://shope.ee/4KwBSv6thZ,50.000,30%,71.429,41,assets/images/30.jpg,CELANA CHINOS - CELANA PANJANG ANAK | CHINOS UNKD ...,Celana Chinos - Celana Panjang Anak | Chinos UNKD / Chinos Anak,null.png,0
https://down-bs-id.img.susercontent.com/341e54c5dc45faa80461d6a1264465c9.webp,https://shope.ee/20YGggjIW0,42.999,30%,61.427,42.9,assets/images/30.jpg,12 PCS CELANA DALAM ANAK PEREMPUAN DIM DIM / GROSI...,12 PCS Celana Dalam Anak Perempuan DIM DIM / Grosir CD anak Wanita Murah,null.png,0
https://down-bs-id.img.susercontent.com/52b892604b9ab4327453102c9f5ff152.webp,https://shope.ee/7zpTplGqQP,35.999,30%,51.427,52.9,assets/images/30.jpg,12 PCS CELANA DALAM ANAK LAKI LAKI KARAKTER SUPER ...,12 PCS Celana Dalam ANak laki laki KARAKTER super HERO / 1 LUSIN,null.png,0