https://down-bs-id.img.susercontent.com/7b790d7d6ea4f6bf5000ec6e18be47fc.webp,https://shope.ee/8KSJCPl4NC,43.990,40%,73.317,62.4,assets/images/40.jpg,[CERIAKID] BAJU ANAK LAKI KOKO SET DUBAI 0 - 9 TAH...,[CERIAKID] Baju Anak Laki Koko Set Dubai 0 - 9 tahun,null.png,0
https://down-bs-id.img.susercontent.com/sg-11134201-7qvel-ljnlmzkqwiwnf9.webp,https://shope.ee/6V0f18gpG4,59.999,40%,99.998,37.2,assets/images/40.jpg,HEYBABY DRESS BEAR COURDORAY EBV BAJU DRESS ANAK P...,heybaby DRESS BEAR COURDORAY EBV Baju Dress Anak Perempuan Import Dress Bayi Cewek 0-5 Tahun Gaun Bayi,null.png,0
https://down-bs-id.img.susercontent.com/id-11134207-7qula-lh348nncmw2z98.webp,https://shope.ee/1fvPGL5w96,47.999,40%,79.998,34.6,assets/images/40.jpg,[CERIAKID] KOKO ANAK ONE SET EMIRAT BAJU & CELANA ...,[Ceriakid] Koko Anak One Set Emirat Baju & Celana Bonus Peci 0 1 2 4 5 6 7 8 9 Tahun,null.png,0
https://down-bs-id.img.susercontent.com/id-11134207-7r98v-lo7rgom37re948.webp,https://shope.ee/LQ1fbvshX,29.993,40%,49.988,109.3,assets/images/40.jpg,BAJU GAMIS ANAK PEREMPUAN & DEWASA 1-16 TAHUN BAJU...,Baju Gamis Anak Perempuan & Dewasa 1-16 Tahun Baju Muslim Anak Perempuan Terbaru 2024 Dress Anak Murah Gamis Warna Putih Hitam Sage Bahan Crinkle Set Hijab Baju Gamis Anak Kecil Cewek Ngaji Busana Lebaran Terbaru2024 Usia Umur Thn 2 3 4 5 6 7 8 9 10 11 15,null.png,0
https://down-bs-id.img.susercontent.com/5e5a8c9470f61a7168bede1bbb16f4b3.webp,https://shope.ee/4psR2E9vvv,40.000,30%,57.143,70,assets/images/30.jpg,SETELAN BAJU ANAK LAKI LAKI SET ROMPI ANAK BAJU KA...,SETELAN BAJU ANAK LAKI LAKI SET ROMPI ANAK BAJU KAOS DAN CELANA ANAK LAKI LAKI 1-5TAHUN TERLARIS,star.png,1
https://down-bs-id.img.susercontent.com/deb8c7c32055c86b7fc58dd9d067f77a.webp,https://shope.ee/6KhEp17kJv,48.403,50%,96.806,30.6,assets/images/50.jpg,[PRINCESS KESLI] 0-7 TAHUN DRESS ANAK KOREAN STYLE...,[PRINCESS KESLI] 0-7 Tahun Dress Anak Korean Style Perempuan Perless Cotton Bordir Baju Bayi Kasual Bahan Katun Putih Biru Dan Pink Princess Sleeve,null.png,0
https://down-bs-id.img.susercontent.com/sg-11134201-22120-1kqu08n9cglvf1.webp,https://shope.ee/5fRY1syzZo,98.900,30%,141.286,5.1,assets/images/30.jpg,SARKOCI ANAK/SARUNG KOKO PECI ANAK TOYOBO/BAJU MUS...,SARKOCI ANAK/SARUNG KOKO PECI ANAK TOYOBO/BAJU MUSLIM ANAK/SARKOCI RAFFA,null.png,0
https://down-bs-id.img.susercontent.com/id-11134207-7r98o-lqrrkwz0vqi675.webp,https://shope.ee/6fK5DlGRdI,61.900,50%,123.800,9.6,assets/images/50.jpg,ZUNE KIDS BAJU SWEATER COUPLE IBU DAN ANAK STRIPE ...,Zune Kids Baju Sweater couple ibu dan anak STRIPE rajut premium,null.png,0
https://down-bs-id.img.susercontent.com/id-11134207-7qul0-lgahcrja2mb9e9.webp,https://shope.ee/7fCcPdXpQa,34.559,30%,49.370,100.8,assets/images/30.jpg,UNIKID SETELAN ANAK 0-6 TAHUN SETELAN BAYI PIYAMA ...,UNIKID SETELAN ANAK 0-6 TAHUN SETELAN BAYI PIYAMA BAYI BAJU PENDEK DAN CELANA PENDEK,null.png,0
https://down-bs-id.img.susercontent.com/id-11134201-23030-dmzg76ardkov1c.webp,https://shope.ee/7pW2c19Njt,125.000,30%,178.571,13.3,assets/images/30.jpg,SETELAN ANAK 3IN1 BAJU ANAK MUSIM DINGIN UMUR 1-5 ...,SETELAN ANAK 3IN1 BAJU ANAK MUSIM DINGIN UMUR 1-5 TAHUN MOTIF RAJUT BAJU ATASAN ANAK LAKI LAKI PEREMPUAN TERBARU FASHION ANAK MASA KINI TERBARU OUTFIT ANAK TERLARIS,null.png,0
https://down-bs-id.img.susercontent.com/id-11134207-7qul6-lj2stlru7f4nb8.webp,https://shope.ee/2fnwSZRdIm,28.000,30%,40.000,21.1,assets/images/30.jpg,KEMEJA BATIK ANAK COWOK BAJU BATIK ANAK LENGAN PAN...,KEMEJA BATIK ANAK COWOK BAJU BATIK ANAK LENGAN PANJANG UMUR 4-13 TAHUN,null.png,0
https://down-bs-id.img.susercontent.com/sg-11134201-7qvf5-ljnp2e89m9naa3.webp,https://shope.ee/VjRsdYjpI,57.999,30%,82.856,15.4,assets/images/30.jpg,PUNCAK 4.4 HEYBABY DRESS JULIANNE 1075 EBV BAJU DR...,PUNCAK 4.4 heybaby DRESS JULIANNE 1075 EBV Baju Dress Anak Perempuan Import Dress anak bayi/Bayi Perempuan Gaun bayi Rok Anak Pakaian anak 3 bln-3 tahun,star.png,1
https://down-bs-id.img.susercontent.com/sg-11134201-23010-5ark93ytlzlvd6.webp,https://shope.ee/3VN3SC8ljU,22.968,40%,38.280,7.6,assets/images/40.jpg,PUSAT17 BAJU HANDUK MANDI ANAK KARAKTER / HANDUK P...,PUSAT17 BAJU HANDUK MANDI ANAK KARAKTER / HANDUK PONCO TOPI KARAKTER / HANDUK KIMONO HOODIE ANAK IMPORT / HANDUK RENANG / HOODIE TOWEL KIDS,null.png,0
https://down-bs-id.img.susercontent.com/id-11134207-7r98x-llljv9ziw8xf50.webp,https://shope.ee/7fCcPuVZEh,53.000,30%,75.714,3.2,assets/images/30.jpg,GAMIS ANAK PEREMPUAN PUTIH SET KERUDUNG | GAMIS MA...,Gamis Anak Perempuan Putih Set Kerudung | Gamis Manasik | Baju Gamis Syar...i Anak Usia 2 Sampai 9 Tahun COD bayar ditempat,null.png,0
https://down-bs-id.img.susercontent.com/id-11134207-7qul6-lhd5e2lwjdxv91.webp,https://shope.ee/1fvPGurKGu,84.915,30%,121.307,12.4,assets/images/30.jpg,RAMADHAN SALE - MAN JADDA SETELAN BAJU GAMIS ANAK ...,Ramadhan SALE - Man Jadda Setelan Baju Gamis Anak dan Hijab 2-10 Tahun Crinkle Airflow Stelan Gamis Manasik Anak Nazeela Series,star.png,1
https://down-bs-id.img.susercontent.com/sg-11134201-7r999-lldpc5c8nue5cf.webp,https://shope.ee/1fvPGx87JS,48.899,30%,69.856,1.1,assets/images/30.jpg,HEYBABY SET YUFEL RABBIT EBV BAJU SETELAN ANAK PER...,heybaby SET YUFEL RABBIT EBV Baju Setelan Anak Perempuan Import Berkualitas 1-5 Tahun,null.png,0
https://down-bs-id.img.susercontent.com/id-11134207-7r98z-lrcwzu68hk5lb6.webp,https://shope.ee/9zaXCKANWq,57.200,30%,81.714,10.7,assets/images/30.jpg,OVERALL JEANS ANAK BAJU KODOK ANAK 1-5 TAHUN OVERA...,OVERALL JEANS ANAK BAJU KODOK ANAK 1-5 Tahun Overall Anak,star.png,1
https://down-bs-id.img.susercontent.com/sg-11134201-7qvf2-lk7n7zsfm25n7d.webp,https://shope.ee/4fZ0qc6XDk,55.499,30%,79.284,18.2,assets/images/30.jpg,HAPPYOLIVER DRESS BEAR COURDORAY EBV BAJU DRESS AN...,HappyOliver DRESS BEAR COURDORAY EBV Baju Dress Anak Perempuan Import/Dress bayi perempuan/Gaun bayi perempuan 1-6 Tahun,null.png,0
https://down-bs-id.img.susercontent.com/id-11134207-7r992-ln8k1cjs1qbad2.webp,https://shope.ee/2fnwSxvk42,9.999,50%,19.998,31.3,assets/images/50.jpg,PECI ANAK & DEWASA SONGKOK NASIONAL PRESIDEN HITAM...,PECI ANAK & Dewasa Songkok Nasional Presiden Hitam Polos Standar Beludru Laki Pria Remaja Tanggung Muslim Santri Sholat Topi Kopiah Kopyah Songko Jumatan Lurah Formal Murah Tinggi 8 9 cm 8cm 9cm Ukuran 50 51 52 53 54 55 56 57 58 59 Sarung Baju Koko,null.png,0
https://down-bs-id.img.susercontent.com/sg-11134201-7rcc6-lt95iomfpy5ve6.webp,https://shope.ee/7KZm1aPZ6e,50.000,50%,100.000,121.2,assets/images/50.jpg,BABYSICAL 1-6 TAHUN HYURA SET - SET BAJU ANAK PERE...,BABYSICAL 1-6 Tahun HYURA SET - Set Baju Anak Perempuan Lucu Rayon Setelan Baju Anak Perempuan Dress Celana Pendek,mall.png,2
https://down-bs-id.img.susercontent.com/b20a20b9bfe7e6804432cb86f77a5f12.webp,https://shope.ee/1Vbz4vSHaL,44.990,40%,74.983,49.8,assets/images/40.jpg,[CERIAKID] BAJU KOKO ANAK SETELAN CELANA PECI ANDA...,[Ceriakid] Baju Koko Anak Setelan Celana Peci Andalusia 0 - 9 Tahun,null.png,0
https://down-bs-id.img.susercontent.com/c818b799e7e7bd8315693849b1c2afb7.webp,https://shope.ee/1Vbz4z4wXi,29.003,50%,58.006,10.1,assets/images/50.jpg,[PRINCESS KESLI] 0-2 TAHUN BAJU ROMPER TUTU ANAK P...,[PRINCESS KESLI] 0-2 Tahun Baju Romper Tutu Anak Perempuan Dress Lucu Bisa Untuk Kado Gaun Ulang Tahun Bayi Balita Nyaman,null.png,0
https://down-bs-id.img.susercontent.com/id-11134207-7r98u-llqvyi77aizv89.webp,https://shope.ee/8A8t1Idk3H,19.950,50%,39.900,33.1,assets/images/50.jpg,ODOM SETELAN BAJU ANAK COWOK 1 - 6 TAHUN,ODOM SETELAN BAJU ANAK COWOK 1 - 6 TAHUN,star.png,1
https://down-bs-id.img.susercontent.com/4b06965088225aad877dd9a864b91d37.webp,https://shope.ee/3pztrVYGTz,55.000,20%,68.750,16.5,assets/images/20.jpg,BABYNHA AMEENA BLOUSE ATASAN BAJU ANAK PEREMPUAN T...,BABYNHA AMEENA Blouse Atasan Baju Anak Perempuan Tangan Panjang Usia 6 Bulan-8 Tahun,null.png,0
https://down-bs-id.img.susercontent.com/id-11134207-7r98z-lsxixdh1oh8m9a.webp,https://shope.ee/3AkD4AZA6T,36.680,50%,73.360,80.3,assets/images/50.jpg,100RIBU DAPAT 3 STEL / PINVY / 1-6 TAHUN / SETELAN...,100ribu dapat 3 stel / PINVY / 1-6 tahun / SETELAN RAYON ANAK / BAJU ANAK LAKI-LAKI PEREMPUAN / BAHAN RAYON ADEM UNTUK SEHARI HARI,null.png,0
https://down-bs-id.img.susercontent.com/id-11134207-7qul5-lg69qk2je372f4.webp,https://shope.ee/8A8t1QjW2q,21.899,50%,43.798,24.7,assets/images/50.jpg,SETELAN ANAK PIYAMA RINGER TEE RED LENGAN PANJANG ...,Setelan Anak Piyama Ringer tee RED Lengan Panjang / Piyama Anak Bergambar / Piyama Panjang / Baju Tidur Anak 1011,null.png,0
https://down-bs-id.img.susercontent.com/sg-11134201-22090-bmfeg27ivxhveb.webp,https://shope.ee/6fK5Encv7A,50.699,40%,84.498,58.4,assets/images/40.jpg,18 PCS PAKET LAHIRAN SETELAN BAJU BAYI CELANA BAYI...,18 Pcs PAKET LAHIRAN SETELAN BAJU BAYI CELANA BAYI BARU LAHIR GIFT SET NEWBORN SNI LAKI PEREMPUAN MURAH UMMA BABY PERLENGKPAN BAYI BARU LAHIR 0 6 Diskon 3.3,null.png,0
https://down-bs-id.img.susercontent.com/id-11134207-7r98x-lmmkzu40azof1c.webp,https://shope.ee/6fK5EppJNC,112.899,30%,161.284,151.7,assets/images/30.jpg,30 PCS BAJU BAYI CELANA BAYI SETELAN BAYI BAJU BAY...,30 Pcs Baju Bayi Celana Bayi Setelan Bayi Baju Bayi Newborn Baju Bayi Baru Lahir Atasan Bayi Baju Bayi Perempuan 0 6 Kado Murah Baju Bayi Lucu 18 pcs Baju Bayi Laki Laki Gift Set Perlengkapan Bayi Baru Lahir Diskon 3.3,star.png,1
https://down-bs-id.img.susercontent.com/id-11134207-7qul8-lg4hm1nlol4rac.webp,https://shope.ee/AUWnnwQZtq,144.700,40%,241.167,20.1,assets/images/40.jpg,31PCS BAJU BAYI BARU LAHIR EKONOMIS PAKET BAJU BAY...,31pcs Baju bayi baru lahir ekonomis Paket Baju bayi newborn setelan baju bayi lengan pendek panjang,null.png,0
https://down-bs-id.img.susercontent.com/sg-11134201-23020-wc8sd2s4gbnv1e.webp,https://shope.ee/6zwvdYGgxF,113.000,20%,141.250,30.4,assets/images/20.jpg,CRUCIL FACTORY BAJU BAYI KOMPLIT BEDONG,CruCil Factory Baju Bayi Komplit Bedong,star.png,1
https://down-bs-id.img.susercontent.com/id-11134207-23030-bt27s6mtc6nv2f.webp,https://shope.ee/1Az8guEbbg,27.799,30%,39.713,13.3,assets/images/30.jpg,BAJU BAYI LENGAN PANJANG / SLEEPSUIT BAYI MOTIF LA...,Baju Bayi Lengan Panjang / Sleepsuit Bayi Motif Laki Laki Perempuan,star.png,1
https://down-bs-id.img.susercontent.com/e92f04693605237b958d9eb45c27842a.webp,https://shope.ee/1fvPHsp5VC,65.000,40%,108.333,23.2,assets/images/40.jpg,BAJU KOKO BAYI LAKI-LAKI OZUKA SETELAN AQIQAH SARU...,Baju Koko Bayi Laki-Laki Ozuka Setelan Aqiqah Sarung dan Peci Sarkoci,null.png,0
https://down-bs-id.img.susercontent.com/sg-11134201-22110-5vho7onqzljv01.webp,https://shope.ee/VjRtnWBpC,289.100,20%,361.375,10.6,assets/images/20.jpg,50 PCS PAKET HEMAT LAHIRAN KOMPLIT BAJU BAYI BARU ...,50 PCS Paket Hemat Lahiran Komplit Baju Bayi Baru Lahir Paket Hemat Brojol Baby Paket Komplit Bayi Baru Lahir Serian Abu Grey,null.png,0
https://down-bs-id.img.susercontent.com/f16bd467e4ed44d20cec93f1ae21236c.webp,https://shope.ee/2ArfsxA12X,109.999,20%,137.499,1.5,assets/images/20.jpg,PEREMPUAN 2IN1 IMPORT TERBARU/GAUN BAYI FASHION MU...,Perempuan 2in1 Import Terbaru/Gaun Bayi Fashion Murah/Baju Anak Perempuan,star.png,1
https://down-bs-id.img.susercontent.com/sg-11134201-7qvf5-ljnp2e89m9naa3.webp,https://shope.ee/LQ1hcKaS8,57.999,50%,115.998,15.4,assets/images/50.jpg,DRESS JULIANNE 1075 EBV BAJU DRESS ANAK PEREMPUAN ...,DRESS JULIANNE 1075 EBV Baju Dress Anak Perempuan Import Dress anak bayi/Bayi Perempuan Gaun bayi Rok Anak Pakaian anak 3 bln-3 tahun,null.png,0
https://down-bs-id.img.susercontent.com/id-11134207-7r98o-ll3292zausc8ab.webp,https://shope.ee/2Arft3tzNb,64.745,30%,92.493,2.7,assets/images/30.jpg,PREMIUM DRESS FLORA DRESS BAJU ANAK BABEEBABYSHOP ...,pREMIUM DRESS FLORA DRESS baju anak babeebabyshop bayi pesta terlaris lucu mewah FLYN sabine diana florence kim bear rabbit star KIYOWO GOMAWO GWEN AEGYO bamboo,null.png,0
https://down-bs-id.img.susercontent.com/sg-11134201-23010-fmrgr96ycjmvbf.webp,https://shope.ee/7UtCEvY8dn,39.671,50%,79.342,14.4,assets/images/50.jpg,0-2 TAHUN SNI JAKET ANAK BAYI BALITA JBS-04 HOODIE...,0-2 tahun SNI Jaket Anak Bayi Balita JBS-04 Hoodie sweater Topi / Baju Kaos Jaket Anak Bayi lengan Panjang Pakaian tidur Piyama anak Bayi balita baru lahir newborn laki laki perempuan cowok cewek 0 6 bulan 6 12 bulan 0 1 tahun,star.png,1
https://down-bs-id.img.susercontent.com/id-11134207-7r990-lpsvnf7tuc8v51.webp,https://shope.ee/6fK5FSrQoE,9.399,50%,18.798,254.3,assets/images/50.jpg,JUMPER BAYI BY BCS-178 BAJU BAYI PEREMPUAN LAKI LA...,jumper Bayi BY BCS-178 Baju Bayi Perempuan Laki Laki Jumsuit Bayi Baru Lahir BODYSUIT,null.png,0
