https://down-bs-id.img.susercontent.com/f99d6b92ceb148cbe74ba4c741cdbef8.webp,https://shope.ee/9A1RxUjdnm,15.900,40%,26.500,401,assets/images/40.jpg,MARINA HAND & BODY LOTION UV WHITE - BODY SERUM,Marina Hand & Body Lotion UV White - Body Serum,null.png,0
https://down-bs-id.img.susercontent.com/sg-11134201-7r98o-lks5bu0xnd7903.webp,https://shope.ee/1Vc0pUAjsF,1.950,50%,3.900,343,assets/images/50.jpg,SADOER HAND CREAM MOISTURIZING NATURAL BEAUTY SOFT...,SADOER Hand Cream Moisturizing Natural Beauty Soft Fruit Lotion Moisturizing Harum Dan Alami Menghaluskan Melembutkan Serta Menutrisi Kulit Tangan,null.png,0
https://down-bs-id.img.susercontent.com/id-11134207-7r98o-lkyqo8zlnpgr0f.webp,https://shope.ee/7AGNZwnxEx,18.700,40%,31.167,256,assets/images/40.jpg,VASELINE SOFT GLOW GLUTA VITAMIN SPF 20 BODY SERUM...,VASELINE SOFT GLOW GLUTA VITAMIN SPF 20 BODY SERUM NIACINAMIDE 100ML,mall.png,2
https://down-bs-id.img.susercontent.com/id-11134207-7r98r-lsw78eioiz46b7.webp,https://shope.ee/LQ3RSPYH4,57.700,30%,82.429,218,assets/images/30.jpg,[FREE UPSIZE GET 100ML] PERFECT WHITE AHA BODY SER...,[FREE UPSIZE GET 100ml] PERFECT...WHITE AHA Body Serum Whitening and Moisturizing | Serum Pemutih Badan DC,mall.png,2
https://down-bs-id.img.susercontent.com/id-11134207-7r98y-lsw6svaf4j6v11.webp,https://shope.ee/10fkEjhnhR,39.700,30%,56.714,166,assets/images/30.jpg,PERFECT WHITE AHA BODY SERUM WHITENING & MOISTURIZ...,PERFECT...WHITE AHA Body Serum Whitening & Moisturizing 50 Ml | Serum Pemutih Badan Serum Pemutih Badan | AHA Body Serum Bleaching | Body Bleaching | Body Serum | Pemutih Badan DC,mall.png,2
https://down-bs-id.img.susercontent.com/id-11134207-7r992-lsezs24jhdh98f.webp,https://shope.ee/2LB7pG62oj,44.600,40%,74.333,194,assets/images/40.jpg,PAKET GLOW UP SERUM AHA FREE POUCH (LOTION 1 BOOST...,PAKET GLOW UP SERUM AHA FREE POUCH (LOTION 1 BOOSTER 1 SERUM 1),star.png,1
https://down-bs-id.img.susercontent.com/id-11134207-7r98t-lsgqtg9qaq0k61.webp,https://shope.ee/8KSKyKLvKt,600.000,10%,666.667,199,assets/images/10.jpg,LOUISSE CHOICE ROSE CAVIAR GOLDEN MICRO ESSENCE LO...,LOUISSE CHOICE Rose Caviar Golden Micro Essence Lotion 100ml Rose Extract Bifida Ferment Filtrate Whitening Easy to Absorb Not Greasy BPOM,star.png,1
https://down-bs-id.img.susercontent.com/id-11134207-7r98o-lpvqhbklwdw001.webp,https://shope.ee/AKDPM5h9n6,50.999,30%,72.856,158,assets/images/30.jpg,SCARLETT WHITENING BPOM SALE 100% RESMI ORIGINAL S...,Scarlett Whitening BPOM SALE 100% RESMI ORIGINAL SCARLET SCARLETT BY FELICYA ANGELISTA,null.png,0
https://down-bs-id.img.susercontent.com/id-11134207-7r98v-lt6d5gjuf26l43.webp,https://shope.ee/7pW4NXkvQI,17.900,20%,22.375,154,assets/images/20.jpg,EVERPURE SUL-PURE ACNE SPOT DRYING LOTION - OBAT T...,EVERPURE Sul-pure Acne Spot Drying Lotion - Obat Totol Mengeringkan Jerawat Dalam 1 Hari Dengan Sulfur & BHA [BPOM] 3ml. 10ml. 20ml,mall.png,2
https://down-bs-id.img.susercontent.com/id-11134201-7r990-lsuyuvpsmeosc8.webp,https://shope.ee/50Bt0Mda08,7.700,40%,12.833,146,assets/images/40.jpg,EMERON LOVELY NATURALS HAND & BODY LOTION NOURISHI...,Emeron Lovely Naturals Hand & Body Lotion Nourishing Sakura 400 ml,mall.png,2
https://down-bs-id.img.susercontent.com/id-11134207-7r98w-lsuzsuxclp3ad1.webp,https://shope.ee/4fZ2bnLpcu,199.000,10%,221.111,143,assets/images/10.jpg,[BEST COMBO] ISWHITE BODYCARE GLOWING PACKAGE - PA...,[BEST COMBO] ISWHITE Bodycare Glowing Package - Paket Pencerah Kulit | Ampuh Mencerahkan Kulit Lebih Cepat | Body Mask - Masker Badan | Body Serum BPOM HALAL,mall.png,2
https://down-bs-id.img.susercontent.com/id-11134207-7r98v-lqlog70tpqt458.webp,https://shope.ee/LQ3Rsjz73,60.000,30%,85.714,138,assets/images/30.jpg,MOELL HAIR LOTION 100ML - MENUTRISI & MENUMBUHKAN ...,Moell Hair Lotion 100ml - Menutrisi & Menumbuhkan Rambut Bayi - Nourish Hair Everyday - Menutrisi Rambut Bayi - Natural Organic,null.png,0
https://down-bs-id.img.susercontent.com/7ad8aaa730369ac175cdcb092d5a81bd.webp,https://shope.ee/6fK6zaK7Yl,50.999,20%,63.749,105,assets/images/20.jpg,SCARLETT WHITENING / SCARLET WHITENING SERUM ORIGI...,SCARLETT WHITENING / SCARLET WHITENING SERUM ORIGINAL BPOM LULUR LOVING ROMANSA POME CHARMING FRESHY,null.png,0
https://down-bs-id.img.susercontent.com/59630ca19420dd24937dd7d434c98182.webp,https://shope.ee/20YHR64jXz,11.400,30%,16.286,612,assets/images/30.jpg,CITRA NATURAL BOOSTER BODY SERUM COMPLETE GLOW WIT...,Citra Natural Booster Body Serum Complete Glow with 20X Niacinamide + Vitamin C & 20X Hyaluronic Acid 100 ML,mall.png,2
https://down-bs-id.img.susercontent.com/id-11134207-7r98u-ln8eetsj6qwx9e.webp,https://shope.ee/30Qocz47A8,89.000,30%,127.143,70,assets/images/30.jpg,NO BUMP LOTION / LOTION TUBUH KULIT BRUNTUSAN. JER...,No Bump Lotion / Lotion Tubuh Kulit Bruntusan. Jerawat Punggung & Chicken skin 100ml,mall.png,2
https://down-bs-id.img.susercontent.com/id-11134207-7r98y-ltb8zimwi4xp03.webp,https://shope.ee/9zaYxtP7jt,130.000,10%,144.444,72,assets/images/10.jpg,MOELL PROTECTION COMBO (SUNSCREEN 30GR & BODY LOTI...,Moell Protection Combo (Sunscreen 30gr & Body Lotion 185ml) Skincare Baby Natural Organic,mall.png,2
https://down-bs-id.img.susercontent.com/b4649bcd5bb8c66c7f31566e7688ce56.webp,https://shope.ee/9pH8lf64Sk,38.700,50%,77.400,75,assets/images/50.jpg,ULTIMATE MOISTURIZER PREMIUM LOTION - FACE WASH - ...,Ultimate Moisturizer Premium Lotion - Face Wash - Oil - Mist - Milk Light - Hadalabo - TnT Beauty Shop,null.png,0
https://down-bs-id.img.susercontent.com/id-11134207-7r98z-lsrxxhgsktvt54.webp,https://shope.ee/nD3cGVPu,31.000,30%,44.286,76,assets/images/30.jpg,NIVEA BODY SERUM EXTRA BRIGHT CARE & PROTECT SPF15...,NIVEA Body Serum Extra Bright Care & Protect SPF15 180ml - Mencerahkan kulit kusam & melembapkan,mall.png,2
https://down-bs-id.img.susercontent.com/id-11134201-7r991-lo4ycr04umtv55.webp,https://shope.ee/4VFcPutxd0,7.700,30%,11.000,76,assets/images/30.jpg,EMERON LOVELY NATURALS HAND & BODY LOTION DEEP CAR...,Emeron Lovely Naturals Hand & Body Lotion Deep Caring Green Tea 400 ml,mall.png,2
https://down-bs-id.img.susercontent.com/81a6594bf5f0dc5484d6b53b22cc4ebb.webp,https://shope.ee/9exiZSDHsr,20.990,20%,26.238,79,assets/images/20.jpg,CUSSONS BABY HAIR LOTION 50+50ML / 100+100ML CUSSO...,Cussons Baby Hair Lotion 50+50ml / 100+100ml cusson Lotion Rambut Bayi Minyak Rambut Bayi Bpom Vitamin rambut,null.png,0
https://down-bs-id.img.susercontent.com/id-11134207-7r991-lr5rzuocagy164.webp,https://shope.ee/7UtDzVyKEa,88.200,30%,126.000,77,assets/images/30.jpg,GENTLY CALMING BABY CREAM 50 GR | KRIM PENGHANGAT ...,GENTLY Calming Baby Cream 50 gr | Krim Penghangat dan Pereda Kolik Bayi,mall.png,2
https://down-bs-id.img.susercontent.com/id-11134207-7qul3-lkg8tb3ua8gk2b.webp,https://shope.ee/8KSKz5BjnN,42.000,30%,60.000,84,assets/images/30.jpg,PRECIOUS SKIN THAILAND ALPHA ARBUTIN WHITENING 3 P...,Precious Skin Thailand Alpha Arbutin Whitening 3 Plus / Powder Pemutih Badan / Bubuk Lotion 2500mg,mall.png,2
https://down-bs-id.img.susercontent.com/id-11134201-7r98o-logqmhrwz52xcd.webp,https://shope.ee/7zpUaWC07k,95.100,20%,118.875,85,assets/images/20.jpg,ZWITSAL ESSENTIAL BABY GIFT SET HAMPERS BAYI ZWITS...,Zwitsal Essential Baby Gift Set Hampers Bayi Zwitsal Natural Paket Perlengkapan Bayi 1 Pc,mall.png,2
https://down-bs-id.img.susercontent.com/sg-11134201-7rccb-lswkdg3xs7fzd1.webp,https://shope.ee/qMK3PfrU1,67.600,20%,84.500,87,assets/images/20.jpg,NIVEA BODY SERUM EXTRA BRIGHT DAY & NIGHT (CARE & ...,NIVEA Body Serum Extra Bright Day & Night (Care & Protect + Night Nourish) 180ml x2 - Merawat & mencerahkan kulit di pagi & malam,mall.png,2
https://down-bs-id.img.susercontent.com/sg-11134201-22110-88i23v85xpjv40.webp,https://shope.ee/6V0go695hl,6.490,50%,12.980,990,assets/images/50.jpg,KUDAN BISA DI KUPAS KUTEK HALAL MUSLIMAH KUTEK PEE...,KUDAN Bisa Di Kupas Kutek Halal Muslimah Kutek Peel Off Bisa Untuk Sholat Nail Polish 10ml KU055,null.png,0
https://down-bs-id.img.susercontent.com/id-11134207-7r98r-lobc12xdsj8x74.webp,https://shope.ee/604QDERFBr,430,50%,860,575,assets/images/50.jpg,LEM KUKU TANGAN PALSU ISI 24 PCS - GEL NAIL DOUBLE...,Lem kuku TANGAN palsu isi 24 pcs - gel nail double tape transparan,null.png,0
https://down-bs-id.img.susercontent.com/id-11134207-7r98y-lqvjyqgdiwnh43.webp,https://shope.ee/6KhGbtP2Qg,5.500,40%,9.167,570,assets/images/40.jpg,24 PCS 3D KUKU PALSU GROSIR KUKU NAIL ALAT PERAWAT...,24 Pcs 3D Kuku Palsu grosir kuku nail alat perawatan kuku perawatan kecantikan kuku kaki palsu Manicure free lem,star.png,1
https://down-bs-id.img.susercontent.com/4d5490073bb7a0acc1d389504e2d6070.webp,https://shope.ee/2VUY2uBPXy,6.799,50%,13.598,313,assets/images/50.jpg,KUTEK PEEL OFF KUTEK SERI K 10ML KUTEK HALAL PEEL ...,Kutek peel off kutek seri K 10ML kutek Halal Peel Off kutek Muslimah Bisa Dikupas Bisa Untuk Sholat Kuteks by,null.png,0
https://down-bs-id.img.susercontent.com/id-11134207-7r98y-lqbdrweeye7zaa.webp,https://shope.ee/8A8unPIY2X,6.700,50%,13.400,999.9,assets/images/50.jpg,ASLI 100% 15GR SALEP CINA SALEP OBAT GATAL SALEP Z...,Asli 100% 15Gr Salep Cina Salep Obat Gatal Salep ZUDAIFU Psoriasis Eksim Jamur Kurap Alergi Kulit Cream,null.png,0
https://down-bs-id.img.susercontent.com/b86df98f1a61bd75dde253569726d306.webp,https://shope.ee/6fK70ncI4e,7.800,20%,9.750,3.4,assets/images/20.jpg,DRAGON BEDAK SALICYL | BEDAK GATAL 100 GR,Dragon Bedak Salicyl | Bedak Gatal 100 gr,mall.png,2
https://down-bs-id.img.susercontent.com/sg-11134201-22100-tu9u5pc1a4ivca.webp,https://shope.ee/2ArheaRc7I,8.950,20%,11.188,9.9,assets/images/20.jpg,HEROCYN BABY BEDAK OBAT UNTUK KULIT GATAL DAN BIAN...,Herocyn Baby Bedak Obat untuk Kulit Gatal dan Biang Keringat,null.png,0
https://down-bs-id.img.susercontent.com/id-11134207-23010-frwtrcrit8lv76.webp,https://shope.ee/604QDfGPFH,7.500,30%,10.714,2.1,assets/images/30.jpg,BEDAK SALICYL KF 60GR BEDAK GATAL ANAK DAN BAYI OR...,Bedak Salicyl KF 60gr Bedak Gatal Anak dan Bayi ORIGINAL-BPOM,null.png,0
https://down-bs-id.img.susercontent.com/id-11134201-7r98o-lsaqorftepvd8f.webp,https://shope.ee/9exiaSA6V0,27.800,20%,34.750,1.9,assets/images/20.jpg,PRICKLY HEAT POWDER LAVENDER - BEDAK ANTISEPTIK GA...,Prickly Heat Powder Lavender - Bedak Antiseptik Gatal & Biang Keringat,null.png,0
https://down-bs-id.img.susercontent.com/id-11134207-7r98q-lsoif9q6h8au61.webp,https://shope.ee/B6dH3vqwa,42.000,20%,52.500,293,assets/images/20.jpg,THE ORIGINOTE CERAMELLA SUNSCREEN SPF50 PA+++ SERU...,The Originote Ceramella Sunscreen SPF50 PA+++ Serum Sunscreen untuk Skin Barrier Protect Melindungi dari Sinar Matahari with Ceramide Vitamin C,mall.png,2
https://down-bs-id.img.susercontent.com/sg-11134201-23010-kiina2fqqomv59.webp,https://shope.ee/2fnyFip7TS,35.880,10%,39.867,148,assets/images/10.jpg,AZARINE CICAMIDE BARRIER SUNSCREEN MOISTURISER SPF...,Azarine Cicamide Barrier Sunscreen Moisturiser SPF35 PA+++ [LOLOS UJI INVIVO INVITRO] Sunscreen Gel Untuk Skin Barrier Protection Sunscreen Kulit Kering Berjerawat Sensitif 40ml,mall.png,2
https://down-bs-id.img.susercontent.com/id-11134207-7r990-lsgjmr88ez3b3c.webp,https://shope.ee/30QoeO4AWx,33.000,10%,36.667,140,assets/images/10.jpg,MADAME GIE MADAME PROTECT ME SUNSCREEN SPF 30 PA +...,Madame Gie Madame Protect Me Sunscreen SPF 30 PA +++ With Calendula - Skincare Sunblock,mall.png,2
