https://down-bs-id.img.susercontent.com/id-11134207-7r990-ltaeus9g9qbhcb.webp,https://shope.ee/1AzB4yWztx,2.200,40%,3.667,999,assets/images/40.jpg,BIOAQUA SHEET MASK HYDRATING ESSENCE FACE MASK BRI...,BIOAQUA Sheet Mask Hydrating Essence Face Mask Brightening Moisturizing Skin Care Anti aging Masker Wajah(25g/pcs) 12 pcs / 24 pcs,mall.png,2
https://down-bs-id.img.susercontent.com/id-11134207-7r98s-lr78lp79mjt9d6.webp,https://shope.ee/7pW51HxGtV,2.200,50%,4.400,461,assets/images/50.jpg,BIOAQUA NATURAL SKIN CARE MASK MASKER SHEET / MASK...,BIOAQUA Natural Skin Care Mask Masker Sheet / Mask Sheet / Masker Wajah Memutihkan Anti-Acne Hyaluronic Acid Hydrating Essence Face Mask,mall.png,2
https://down-bs-id.img.susercontent.com/id-11134207-7r98z-lq8z6qg8gb1qdf.webp,https://shope.ee/6fK7dptDA9,2.799,40%,4.665,462,assets/images/40.jpg,BIOAQUA MASKER WAJAH CEREAL SHEET MASK & BIJI BUAH...,BIOAQUA Masker Wajah Cereal Sheet Mask & Biji Buah Face Mask 25ml Masker Muka Glowing Rice-Milk/Oat/Red Bean/Com Protein/Soybean Whitening & Firming & Delicate Skin & Brightening & Moisturizing Masker Organik BPOM,mall.png,2
https://down-bs-id.img.susercontent.com/id-11134207-7r98w-ltaeariwo3q1a5.webp,https://shope.ee/7UtEcjfKGE,50.400,40%,84.000,299,assets/images/40.jpg,BIOAQUA SHEET MASK PAKET BRIGHTENING MOISTURIZING ...,BIOAQUA Sheet Mask Paket Brightening Moisturizing Skin Care Hydrating Essence Face Mask Anti aging Masker Wajah Glowing Bpom,mall.png,2
https://down-bs-id.img.susercontent.com/id-11134207-7qul3-lkgj75xh76wp5c.webp,https://shope.ee/AKDQ03NWCl,15.000,30%,21.429,15.4,assets/images/30.jpg,PRECIOUS SKIN THAILAND MILKY BRIGHTENING SHEET MAS...,Precious Skin Thailand Milky Brightening Sheet Mask Series. Masker Wajah. Masker Muka Precious Skin 20 gr,mall.png,2
https://down-bs-id.img.susercontent.com/id-11134207-7qul8-lkgjghhpr5x5da.webp,https://shope.ee/30QpGbskj7,15.000,30%,21.429,16.6,assets/images/30.jpg,PRECIOUS SKIN THAILAND SNAIL SERIES BRIGHTENING WH...,Precious Skin Thailand Snail Series Brightening Whitening Anti Aging Moisture Sheet Mask. Masker Wajah 20gr,mall.png,2
https://down-bs-id.img.susercontent.com/id-11134207-7r98p-lqsdux3y1lh4ef.webp,https://shope.ee/5V8AFFV6Dk,30.000,40%,50.000,12.9,assets/images/40.jpg,MADAGASCAR CENTELLA WATERGEL SHEET AMPOULE MASK 1E...,Madagascar Centella Watergel Sheet Ampoule Mask 1ea,mall.png,2
https://down-bs-id.img.susercontent.com/sg-11134201-22120-yuzuymm2bflvdf.webp,https://shope.ee/5AVJqjL0XU,9.900,30%,14.143,3.6,assets/images/30.jpg,SKIN MASK PACK SHEET MASKER KOREA ORIGINAL IMPOR S...,SKIN Mask Pack Sheet Masker Korea Original Impor sudah Ber BPOM,null.png,0
https://down-bs-id.img.susercontent.com/id-11134207-7qul9-lgj5jp5qsammeb.webp,https://shope.ee/6fK7dXZwkT,42.500,50%,85.000,1.1,assets/images/50.jpg,K- SHEET MASK KOREA RETURN II SKIN NATURAL FACE MA...,K- Sheet Mask KOREA RETURN II SKIN Natural Face Mask - Masker Wajah Korea Original ber BPOM,mall.png,2
https://down-bs-id.img.susercontent.com/sg-11134201-22110-3s5oumlgk3jv1d.webp,https://shope.ee/20YI56JPrV,1.187,40%,1.978,173,assets/images/40.jpg,SADOER BOTANY AND FRUITS SKIN CARE SHEET MASK MASK...,Sadoer Botany and Fruits Skin Care Sheet Mask Masker Wajah,null.png,0
https://down-bs-id.img.susercontent.com/id-11134207-7r98w-lqpph78ofl6g03.webp,https://shope.ee/10fktULpWU,3.800,40%,6.333,39,assets/images/40.jpg,OH MY SKIN! MASKER WAJAH | FACE MASK | ORGANIC MAS...,Oh My Skin! Masker Wajah | Face Mask | Organic Mask | Masker Organik BPOM FULLSIZE 65gr Matcha Milk Choco Coffee Avocado Strawberry,mall.png,2
https://down-bs-id.img.susercontent.com/id-11134207-7r98q-lmxy7kjqeqecce.webp,https://shope.ee/2q7P4uvZEQ,1.500,40%,2.500,27,assets/images/40.jpg,GINBI MASKER WAJAH SHEET MASK HYDRATING ESSENCE FA...,GINBI Masker Wajah Sheet Mask Hydrating Essence Face Mask Brightening Moisturizing Skin Care Anti Aging Masker Wajah (30ml/pcs),null.png,0
https://down-bs-id.img.susercontent.com/id-11134207-7r98r-lsoiyb5x40k9a1.webp,https://shope.ee/604QqoqUvw,42.000,30%,60.000,454,assets/images/30.jpg,THE ORIGINOTE HYALUCERA MOISTURIZER GEL - PELEMBAB...,The Originote Hyalucera Moisturizer Gel - Pelembab Wajah Memperbaiki Skin Barrier dan Primer Menghidrasi Kulit Wajah with Hyaluronic Acid Ceramide,mall.png,2
https://down-bs-id.img.susercontent.com/id-11134207-7r98t-ltc41ankce6l92.webp,https://shope.ee/5AVJrKErRt,136.000,20%,170.000,427,assets/images/20.jpg,[NICHOLAS SAPUTRA CHOICE] SKINTIFIC - 5X CERAMIDE ...,[Nicholas Saputra Choice] SKINTIFIC - 5X Ceramide Skin Barrier Moisturize Gel 30g Moisturizer Cream Pemutih Wajah Day Cream Night Cream Pelembab Wajah,mall.png,2
https://down-bs-id.img.susercontent.com/id-11134207-7r98s-lsdzahgchr9l8d.webp,https://shope.ee/3fgW4csYcN,38.000,30%,54.286,359,assets/images/30.jpg,SCORA 1% SALICYLIC ACID GENTLE LOW PH CLEANSER SAB...,SCORA 1% Salicylic Acid Gentle Low pH Cleanser Sabun Cuci Muka Oily Acne Prone Skin Friendly,mall.png,2
https://down-bs-id.img.susercontent.com/id-11134207-7r990-lscauh645q9ge0.webp,https://shope.ee/6zwy2maSCL,46.900,30%,67.000,314,assets/images/30.jpg,FACETOLOGY TRIPLE CARE HYDRA CLEANSE MICELLAR WATE...,Facetology Triple Care Hydra Cleanse Micellar Water 300 ML Pembersih Wajah Sensitive Skin Pembersih Make Up Tanpa Bilas,mall.png,2
https://down-bs-id.img.susercontent.com/id-11134207-7r98q-lsoif9q6h8au61.webp,https://shope.ee/9exjDicy5n,42.000,20%,52.500,295,assets/images/20.jpg,THE ORIGINOTE CERAMELLA SUNSCREEN SPF50 PA+++ SERU...,The Originote Ceramella Sunscreen SPF50 PA+++ Serum Sunscreen untuk Skin Barrier Protect Melindungi dari Sinar Matahari with Ceramide Vitamin C,mall.png,2
https://down-bs-id.img.susercontent.com/id-11134207-7r992-lsoimppw3xq1a9.webp,https://shope.ee/AUWqDHv3U8,38.000,20%,47.500,282,assets/images/20.jpg,THE ORIGINOTE HYALU-C SERUM - VITAMIN C SERUM VIT ...,The Originote Hyalu-C Serum - Vitamin C Serum Vit C Mencerahkan Kulit Wajah Kusam Meratakan Warna Kulit Menjaga Skin Barrier with Vitamin C Hyaluronic Acid,mall.png,2
https://down-bs-id.img.susercontent.com/id-11134207-7r990-lsi3tkx6opif4a.webp,https://shope.ee/7pW52Q4KXq,40.000,30%,57.143,240,assets/images/30.jpg,GLAD2GLOW CENTELLA SOOTHING MOISTURIZER GEL CICA P...,Glad2Glow Centella Soothing Moisturizer Gel Cica Pelembab Wajah 55g Oil-Control Hydrating Moisturizer Jerawat Control Cream Day & Night Cream Skincare Memperbaiki Skin Barrier dan Primer Menghidrasi Kulit Wajah,mall.png,2
https://down-bs-id.img.susercontent.com/id-11134207-7r98v-lrfqabmvzg0d0a.webp,https://shope.ee/3pzwH80H5n,99.000,20%,123.750,224,assets/images/20.jpg,[MARSHANDA CHOICE] CLEORA EXFOLIATING GEL 50GR WIT...,[Marshanda Choice] Cleora Exfoliating Gel 50gr With AHA BHA PHA - Exfoliasi Wajah Untuk Wanita Pria With Niacinamide Mengangkat Sel Kulit Mati Smooth Brightening Skincare Peeling Face Scrub Eksfoliasi Pencerah,mall.png,2
https://down-bs-id.img.susercontent.com/id-11134207-7r98w-ltdj1krw1j2l41.webp,https://shope.ee/1fvRhCGBBZ,99.000,20%,123.750,211,assets/images/20.jpg,SKINTIFIC 5% PANTHENOL ACNE CALMING WATER GEL 45G ...,SKINTIFIC 5% Panthenol Acne Calming Water Gel 45g Pelembab Wajah Cream jerawat Soothing Facial Moisturizer For Acne Skincare Crystal,mall.png,2
https://down-bs-id.img.susercontent.com/id-11134207-7r98o-lkl2ox6tupld58.webp,https://shope.ee/7AGOFMBhHG,40.000,30%,57.143,198,assets/images/30.jpg,[READY STOCK] GLAD2GLOW 5% BLUEBERRY MOISTURIZER C...,[Ready Stock] Glad2Glow 5% Blueberry Moisturizer Cream 5x Ceramide Skin Barrier Repair 30g | Pelembab Wajah Pemutih Wajah Facial Moisturizer Day Cream Night Cream Malam Skincare,mall.png,2
https://down-bs-id.img.susercontent.com/id-11134201-7r98r-ltcifcsrubpc4d.webp,https://shope.ee/LQ46sDYTw,59.000,30%,84.286,191,assets/images/30.jpg,SOMETHINC COPY PASTE TINTED SUNSCREEN SPF 40 PA+++...,SOMETHINC Copy Paste Tinted Sunscreen SPF 40 PA++++ - Skin Tint [NEW LAUNCH],mall.png,2
https://down-bs-id.img.susercontent.com/id-11134207-7r98w-ltc4r9svlft25b.webp,https://shope.ee/2q7P5WtPsW,37.400,20%,46.750,188,assets/images/20.jpg,[BPOM] BIOAQUA 7X CERAMIDE SKIN BARRIER REPAIR MOI...,[BPOM] BIOAQUA 7X Ceramide Skin Barrier Repair Moisturizer Cream 50g Pelembab Wajah Cream Pemutih Wajah Day Cream Night Cream Moisturizer Gel skin barier krim siang malam / mousturizer moizturizer,mall.png,2
https://down-bs-id.img.susercontent.com/id-11134207-7r98r-ltd6ow0ing0dfe.webp,https://shope.ee/6fK7ecDLnP,68.000,20%,85.000,186,assets/images/20.jpg,SKINTIFIC SUNSCREEN 5X CERAMIDE SERUM SUNSCREEN ST...,SKINTIFIC Sunscreen 5X Ceramide Serum Sunscreen Stick SPF50 PA++++ Skincare Sunblock Untuk Skin Barrier Protect Rusak Kulit Berminyak Berjerawat Sensitif Sunblok Gel Wajah Stik Scintific Sunscreen Anak Sunblock Badan Wajah,mall.png,2
https://down-bs-id.img.susercontent.com/id-11134207-7r98o-lo71f2ou421b32.webp,https://shope.ee/6V0hSMqImP,68.000,30%,97.143,181,assets/images/30.jpg,YOUBUY WHITENING AND FRECKLE REMOVING CREAM WHITEN...,YOUBUY Whitening and Freckle Removing Cream Whitening Serum Light spots Brighten skin translucent Essence 20g,mall.png,2
https://down-bs-id.img.susercontent.com/id-11134207-7r990-lt9usx46zywt67.webp,https://shope.ee/2q7P5g3Seu,150.450,20%,188.063,157,assets/images/20.jpg,KYMM SKIN 5PCS PAKET LENGKAP GLOWING [FREE POUCH. ...,KYMM SKIN 5PCS Paket Lengkap Glowing [Free Pouch. Face Wash. Face Mist. Bakuchiol Serum 30ML. Day Cream 10gr. NEW Night Cream 10gr],mall.png,2
https://down-bs-id.img.susercontent.com/id-11134207-7r98s-lt6oq8e001vdf6.webp,https://shope.ee/5fRaSwMGFm,399.000,20%,498.750,570,assets/images/20.jpg,[PARCEL LEBARAN]SKINTIFIC 5PCS WITH SUNSCREEN - PA...,[Parcel Lebaran]SKINTIFIC 5pcs with sunscreen - Paket Skincare Low pH Cleanser + Moisture Gel + Serum Sunscreen + Exfoliating Toner / Soothing Toner + Brightening Serum / Anti Acne Serum / Barrier Serum / Hydrating Serum,mall.png,2
https://down-bs-id.img.susercontent.com/id-11134207-7quky-likev0mutwu35d.webp,https://shope.ee/7UtEeLwCDn,30.500,20%,38.125,154,assets/images/20.jpg,KAHF SKIN ENERGIZING & BRIGHTENING FACE WASH 100ML...,KAHF Skin Energizing & Brightening Face Wash 100ml / Sabun Pembersih Wajah Pria Untuk Kulit Cerah Bebas Kusam,mall.png,2
https://down-bs-id.img.susercontent.com/sg-11134201-23010-kiina2fqqomv59.webp,https://shope.ee/6V0hSbSzI8,37.050,20%,46.313,151,assets/images/20.jpg,AZARINE CICAMIDE BARRIER SUNSCREEN MOISTURISER SPF...,Azarine Cicamide Barrier Sunscreen Moisturiser SPF35 PA+++ [LOLOS UJI INVIVO INVITRO] Sunscreen Gel Untuk Skin Barrier Protection Sunscreen Kulit Kering Berjerawat Sensitif 40ml,mall.png,2
https://down-bs-id.img.susercontent.com/id-11134207-7r98z-ltckhtuggdvq11.webp,https://shope.ee/7UtEeVNMIT,60.563,20%,75.704,145,assets/images/20.jpg,YOU CLOUD TOUCH BLURRING SKIN TINT | LIQUID FOUNDA...,YOU Cloud Touch Blurring Skin Tint | Liquid Foundation | Natural Matte Finish | Tahan Lama 24 | Bedak Wajah SPF | Kosmetik,mall.png,2
https://down-bs-id.img.susercontent.com/sg-11134201-7rcdf-lr88tk93no4a85.webp,https://shope.ee/6fK7f0zCCw,139.000,20%,173.750,142,assets/images/20.jpg,[NEW] INSTAPERFECT SKINCOVER AIR CUSHION (REAL SKI...,[NEW] Instaperfect Skincover Air Cushion (Real Skin Buildable Coverage. Transfer-Resistant. SPF 50 PA++++),mall.png,2
https://down-bs-id.img.susercontent.com/id-11134207-7r98t-lsqh1di5wocp2e.webp,https://shope.ee/20YI6VFCyR,38.000,20%,47.500,139,assets/images/20.jpg,ACNAWAY MUGWORT WATER GEL MOISTURIZER WITH MUGWORT...,ACNAWAY Mugwort Water Gel Moisturizer with Mugwort + Centella + Panthenol ONLY FOR ACNE SKIN,mall.png,2
https://down-bs-id.img.susercontent.com/id-11134207-7r990-lsgjmr88ez3b3c.webp,https://shope.ee/nDisYwlc,33.000,20%,41.250,135,assets/images/20.jpg,MADAME GIE MADAME PROTECT ME SUNSCREEN SPF 30 PA +...,Madame Gie Madame Protect Me Sunscreen SPF 30 PA +++ With Calendula - Skincare Sunblock,mall.png,2
https://down-bs-id.img.susercontent.com/e19b4609194d1dbda03eab135c89bf77.webp,https://shope.ee/8A8vRugufb,37.000,20%,46.250,134,assets/images/20.jpg,MILK RECIPE HAIR REMOVAL CREAM 4IN1 HAIR REMOVAL C...,Milk Recipe Hair Removal Cream 4in1 Hair Removal Cream - Krim Waxing Perontok Bulu Ketiak Non-Irritating untuk Melembapkan Anti Iritasi dan Anti Chicken Skin dengan Niacinamide,mall.png,2
https://down-bs-id.img.susercontent.com/id-11134201-7r98q-ltcio6zw8k3p11.webp,https://shope.ee/1qEruMP0DJ,129.000,20%,161.250,132,assets/images/20.jpg,SOMETHINC CALM DOWN! SKINPAIR R-COVER CREAM MOISTU...,SOMETHINC Calm Down! Skinpair R-Cover Cream Moisturizer - (Madagascar Centella Asiatica. Skin Barrier. Kulit Sensitif. Kulit Iritasi),mall.png,2
https://down-bs-id.img.susercontent.com/id-11134207-7r98t-lsoisaoi7zdlf8.webp,https://shope.ee/7zpVFinemi,79.000,20%,98.750,132,assets/images/20.jpg,THE ORIGINOTE BUNDLE SKIN SOOTHING - SOOTHING TONE...,The Originote Bundle Skin Soothing - Soothing Toner + Soothing Moisturizer,mall.png,2
https://down-bs-id.img.susercontent.com/id-11134207-7r98t-lsohiwqbb4uh41.webp,https://shope.ee/B6dvPNyyH,36.000,20%,45.000,129,assets/images/20.jpg,THE ORIGINOTE CERALURONIC ESSENCE TONER - TONER ME...,The Originote Ceraluronic Essence Toner - Toner Melembabkan Wajah dan Menjaga Skin Barrier with Ceramide Hyaluronic Acid,mall.png,2