https://down-bs-id.img.susercontent.com/34bf749da3f6b890bf7953ae025688a9.webp,https://shope.ee/8f593Iji0z,112.500,30%,160.714,12,assets/images/30.jpg,PROMO P-CD002 - PRIA-BOXER-002 PAKAIAN DALAM CELAN...,PROMO P-CD002 - Pria-Boxer-002 Pakaian dalam celana dalam Import Murah New Melar,star.png,1
https://down-bs-id.img.susercontent.com/90a2d7122141fd2acb1125a2de9d300d.webp,https://shope.ee/4psQUMvPDZ,40.000,40%,66.667,37,assets/images/40.jpg,TAS SELEMPANG PINGGANG PRIA ANTI AIR DISTRO BAHAN ...,TAS SELEMPANG PINGGANG PRIA ANTI AIR DISTRO BAHAN PREMIUM / WAISTBAG WATERPROOF GARDIO ORIGINAL,null.png,0
https://down-bs-id.img.susercontent.com/07b4fcf7b00470f48ae84a9b06f134a0.webp,https://shope.ee/50BqgjOHxd,12.900,50%,25.800,39.3,assets/images/50.jpg,TAS IKAT PINGGANG LARI WATER PROOF 1 KANTUNG / GO ...,Tas Ikat Pinggang Lari Water Proof 1 Kantung / Go Belt / Running Belt,null.png,0
https://down-bs-id.img.susercontent.com/f5aa8b104cbd3e66b1a9fcc966efac3f.webp,https://shope.ee/5Koh5OzPC6,145.000,20%,181.250,4.3,assets/images/20.jpg,AONIJIE WAIST BAG W938S - TAS PINGGANG + 1 SOFT FL...,Aonijie Waist Bag W938S - Tas Pinggang + 1 Soft flask 250 ml - BLACK,mall.png,2
https://down-bs-id.img.susercontent.com/922577fb91affeaf77e8970da05107a0.webp,https://shope.ee/2q7M6r3aOe,12.000,50%,24.000,78.6,assets/images/50.jpg,TAS PRIA TERBAIK / TERLARIS / TAS PINGGANG PRIA R2...,Tas Pria Terbaik / Terlaris / Tas Pinggang Pria R2 006 / Waistbag Unisex Polos,null.png,0
https://down-bs-id.img.susercontent.com/d8641bc522be895d67cbb6e02168184e.webp,https://shope.ee/50BqgsKip7,75.000,30%,107.143,5.2,assets/images/30.jpg,TAS PINGGANG KANVAS,TAS PINGGANG KANVAS,null.png,0
https://down-bs-id.img.susercontent.com/id-11134207-7qul4-lfetssp1q59101.webp,https://shope.ee/AUWnF6A5Qo,68.000,40%,113.333,1.3,assets/images/40.jpg,SFIDN FITS WAIST BAG RUNNING BELT | TAS PINGGANG O...,SFIDN FITS Waist Bag Running Belt | Tas Pinggang Olahraga Jogging Lari,mall.png,2
https://down-bs-id.img.susercontent.com/60f7f26a1ff2e7b4d604f04a22acd03c.webp,https://shope.ee/6V0eTmgNdg,33.850,30%,48.357,5.1,assets/images/30.jpg,TAS PINGGANG PRIA MILITARY TRAVEL PACK MULTIFUNGSI...,Tas Pinggang Pria Military Travel Pack Multifungsi Tas HP Gesper,null.png,0
https://down-bs-id.img.susercontent.com/id-11134201-7qul0-levu3itxdr911c.webp,https://shope.ee/6fK4gDpiHy,149.500,30%,213.571,6.8,assets/images/30.jpg,HARMITS PROJECT - NITRO WAISTBAG SLINGBAG WATERPRO...,Harmits Project - NITRO Waistbag Slingbag Waterproof Tas Pinggang Selempang Ringan Anti Air Pria Wanita,null.png,0
https://down-bs-id.img.susercontent.com/d8406969c7c2baeff11d51c2aaaca306.webp,https://shope.ee/8zhzSXk9CQ,119.900,30%,171.286,2.4,assets/images/30.jpg,HH TAS PINGGANG PRIA WAISTBAG KULIT SAPI ASLI,HH Tas Pinggang Pria Waistbag Kulit Sapi Asli,null.png,0
https://down-bs-id.img.susercontent.com/3f200de3fe4d94302ff53f2bb1f7bd85.webp,https://shope.ee/AUWnFMGtKG,28.025,50%,56.050,11.9,assets/images/50.jpg,HEYLOOK OFFICIAL - TAS SELEMPANG PRIA ROCKY TAS PR...,HEYLOOK Official - Tas Selempang Pria ROCKY Tas Pria Distro Tas Slempang Murah Waistbag Cowo Tas Pinggang Laki Laki Shoulder Bag Crossbody Bag Premium Sling Bag Cowok,mall.png,2
https://down-bs-id.img.susercontent.com/25d84ad8ebead26d2ca3c05b33100c57.webp,https://shope.ee/9KKprGOWLK,11.500,50%,23.000,13.1,assets/images/50.jpg,TAS PINGGANG | TAS SELEMPANG PRIA - WAIST BAG - BA...,Tas pinggang | Tas Selempang Pria - Waist Bag - Bagvolt - Tas Pinggang,star.png,1
https://down-bs-id.img.susercontent.com/d0fb18ad9685aa78a962bca6e1e48f20.webp,https://shope.ee/6fK4gPXWsj,25.600,50%,51.200,3.6,assets/images/50.jpg,TAS PINGGANG/ TAS TACTICAL/ TAS OUTDOOR/ TAS HP TA...,TAS PINGGANG/ TAS TACTICAL/ TAS OUTDOOR/ TAS HP TAS PINGGANG DENGAN TEMPAT BOTOL MINUM,null.png,0
https://down-bs-id.img.susercontent.com/id-11134207-7r990-lqx55ayiwcstd2.webp,https://shope.ee/5Koh63MqRe,22.999,50%,45.998,23.8,assets/images/50.jpg,BACKPACK RANSEL 10 LITER TAS RANSEL PRIA DAN WANIT...,BACKPACK RANSEL 10 LITER TAS RANSEL PRIA DAN WANITA TAS PUNGGUNG TAS SEKOLAH TAS OLAHRAGA TAS SPORT TAS RANSEL KECIL TAS SEPATU FUTSAL TAS SEPATU BOLA A4,null.png,0
https://down-bs-id.img.susercontent.com/d05772747917691be65e7812074f9d01.webp,https://shope.ee/6zwv5BJYjD,41.000,40%,68.333,6.5,assets/images/40.jpg,TAS RANSEL SPORT | TAS FUTSAL L TAS SEPAK BOLA L T...,TAS RANSEL SPORT | TAS FUTSAL l TAS SEPAK BOLA l TAS SEPATU l TAS PUNGGUNG |,null.png,0
https://down-bs-id.img.susercontent.com/id-11134207-7qukx-li5t6rflcmzc8e.webp,https://shope.ee/1fvOjRBdsQ,114.165,50%,228.330,1.4,assets/images/50.jpg,MR MADS - TAS RANSEL PRIA - PROXI BACKPACK - TAS B...,Mr Mads - Tas Ransel Pria - Proxi Backpack - Tas Backpack Unisex Up To 15.6 Inch - Tas Punggung Pria - Kapasitas (26L + 2L) - Waterproof,mall.png,2
https://down-bs-id.img.susercontent.com/80720b42336d4027f886f91c508c4616.webp,https://shope.ee/4Kw9uPdg7K,182.500,30%,260.714,29.2,assets/images/30.jpg,ALBA PROJECT - TAS RANSEL VEGAS 1.0 - TAS RANSEL P...,Alba Project - Tas Ransel Vegas 1.0 - Tas Ransel Pria Waterproof Tas Outdoor Anti Air Backpack Laptop Tas Punggung Pria Wanita Anti Air,null.png,0
https://down-bs-id.img.susercontent.com/cf00dc40a2537eb21036b45c5fd6a0d3.webp,https://shope.ee/qMHk4AyuG,195.000,20%,243.750,31.7,assets/images/20.jpg,PANARYBODY J2027 SEPATU PRIA CASUAL SNEAKERS FASHI...,PANARYBODY J2027 Sepatu Pria Casual Sneakers Fashion OOTD Hangout Kuliah Kerja Travel Sepatu Cowok Modis,mall.png,2
https://down-bs-id.img.susercontent.com/id-11134201-23030-8qbe8iua47nvb0.webp,https://shope.ee/7AGLHmy3BN,319.000,20%,398.750,2.9,assets/images/20.jpg,UNERD 219 PATENT BROWN | SEPATU SNEAKERS PRIA WANI...,Unerd 219 Patent Brown | Sepatu Sneakers Pria Wanita,mall.png,2
https://down-bs-id.img.susercontent.com/id-11134207-7qukz-lgyps03p0i3v17.webp,https://shope.ee/7KZlUB43f5,131.520,40%,219.200,12.1,assets/images/40.jpg,NABU SHOES SEPATU OLAHRAGA PRIA IMPORT CASUAL AIR ...,NABU SHOES Sepatu Olahraga Pria Import Casual AIR Anti Slip 105,null.png,0
https://down-bs-id.img.susercontent.com/sg-11134201-22110-qw1fysfmxgkvaf.webp,https://shope.ee/9UeG4CU3uO,190.000,30%,271.429,14.5,assets/images/30.jpg,PANARYBODY SEPATU SNEAKERS PRIA MODEL TERBARU SEPA...,PANARYBODY Sepatu Sneakers Pria Model Terbaru Sepatu Sneakers Pria Kualitas Modis Kekinian Sepatu Nyaman Dipakai sepatu cowok hitam casual sepatu running pria J2029,mall.png,2
https://down-bs-id.img.susercontent.com/id-11134207-7r98x-loclphg232shca.webp,Zeintin - Sepatu Pantofel Hitam Pria Formal Kantor Leather Swedian Premium BJ,132.433,30%,189.190,16.5,assets/images/30.jpg,ZEINTIN - SEPATU PANTOFEL HITAM PRIA FORMAL KANTOR...,Zeintin - Sepatu Pantofel Hitam Pria Formal Kantor Leather Swedian Premium BJ,mall.png,2
https://down-bs-id.img.susercontent.com/id-11134207-7qul4-lgo3nnq7qctb0f.webp,https://shope.ee/2VUVjRIknw,57.500,40%,95.833,11.1,assets/images/40.jpg,SEPATU SNEAKERS PRIA KEREN KEKINIAN SEPATU FASHION...,Sepatu sneakers Pria Keren Kekinian Sepatu Fashion Terbaru Outdoor Traveling,null.png,0
https://down-bs-id.img.susercontent.com/id-11134207-7r990-lounjns6beca49.webp,https://shope.ee/3pztJwcnOd,129.999,40%,216.665,124.1,assets/images/40.jpg,AEROSTREET 37-44 MASSIVE LOW HITAM NATURAL - SEPAT...,Aerostreet 37-44 Massive Low Hitam Natural - Sepatu Sneakers Casual Pria Wanita Aero Street 21AA30,mall.png,2
https://down-bs-id.img.susercontent.com/id-11134207-7qul9-lfgfqyh5d51qd0.webp,https://shope.ee/A9twrhKvqp,9.900,40%,16.500,31,assets/images/40.jpg,WAYS PARFUM SEPATU HELM ANTI BAU & BAKTERI SPRAY S...,WAYS Parfum Sepatu Helm Anti Bau & Bakteri Spray Shoe Perfume Pengharum Pewangi Ruangan Interior Mobil - 75ml,null.png,0
https://down-bs-id.img.susercontent.com/id-11134207-7r98u-lswelmkc48sd81.webp,https://shope.ee/3AkCWuexFq,55.000,40%,91.667,66,assets/images/40.jpg,HELM BOGO FULL LEHER BAY ELEGAN GARIS TIGA VIRAL K...,helm bogo full leher bay elegan garis tiga viral kaca datar flat sni pria wanita dewasa murah polos kaca helm,null.png,0
https://down-bs-id.img.susercontent.com/id-11134207-7r991-ln8cdatipma4c6.webp,https://shope.ee/g2rYUjxZY,108.900,30%,155.571,11,assets/images/30.jpg,HELM BOGO CLASSIC POLOS KROOZ DEWASA FULL LEHER PR...,Helm Bogo Classic Polos Krooz Dewasa Full Leher Pria Wanita Cepol Model Terbaru SNI,mall.png,2
https://down-bs-id.img.susercontent.com/id-11134207-7r98t-lr7a9x5kw6dlf2.webp,https://shope.ee/3VN2vcSSkL,15.000,40%,25.000,20,assets/images/40.jpg,BOWIN ACTIV SPRAY - PARFUM SEPATU HELM ANTI BAKTER...,Bowin Activ Spray - Parfum Sepatu Helm Anti Bakteri & Bau . Parfum Helm. Parfum Kaos Kaki. Parfum Jaket. Anti BauSemprotan Penghilang Bau Baju Olahraga & Bau Kaos Kaki.,null.png,0
https://down-bs-id.img.susercontent.com/sg-11134201-22100-03dhh3sswoivc2.webp,https://shope.ee/5V87JRULMz,58.000,20%,72.500,8.6,assets/images/20.jpg,ZACRO SARUNG TANGAN MOTOR TOUCH PRIA SCREEN BIKER ...,ZACRO Sarung Tangan Motor Touch Pria Screen Biker Gloves pria dewasa gloves full jari wanita trail cross sepeda rider,mall.png,2
https://down-bs-id.img.susercontent.com/53d3d87835b975c04ee4d4b6c1f7d968.webp,https://shope.ee/8f595Kyjqq,15.999,50%,31.998,7.2,assets/images/50.jpg,SEMPROTAN PENGHILANG BAU PEMBERSIH PARFUM SEPATU H...,Semprotan Penghilang Bau Pembersih Parfum Sepatu Helm Jaket Tas Sarung Tangan Anti Bau / Bakteri Pengharum Pewangi Perawatan Sepatu Wangi,null.png,0
https://down-bs-id.img.susercontent.com/a0566e4971eb065fddf4170af3fb989c.webp,https://shope.ee/4psQXWmhEN,22.900,40%,38.167,46.1,assets/images/40.jpg,PECI SONGKOK KOPIAH HITAM MOTIF BATIK EXCLUSIVE MU...,PECI SONGKOK KOPIAH HITAM MOTIF BATIK EXCLUSIVE MURAH BERKUALITAS ORIGINAL - PECI PRIA TERBARU ANAK DAN DEWASA HARGA GROSIR BISA BAYAR DI TEMPAT COD,null.png,0
https://down-bs-id.img.susercontent.com/id-11134207-7qul7-li9y17uz2xi938.webp,https://shope.ee/AUWnI1Oxz6,20.990,50%,41.980,15.1,assets/images/50.jpg,GOOD MADE - PECI SONGKOK MESIR | PECI KOPIAH LIPAT...,GOOD MADE - Peci Songkok Mesir | Peci Kopiah Lipat Gaya Mesir | Songkok | COD,null.png,0
https://down-bs-id.img.susercontent.com/sg-11134201-7rbmm-lntia37z5diof0.webp,https://shope.ee/3AkCXIQvf4,67.999,40%,113.332,6.5,assets/images/40.jpg,HELM BOGO RETRO ANAK PORORO FREE KACAMATA USIA 2 3...,Helm Bogo Retro Anak Pororo Free Kacamata Usia 2 3 4 5 6 Tahun Laki Perempuan Hitam Coklat Polos,null.png,0
https://down-bs-id.img.susercontent.com/b0674f6066b13ea39cb3b819bffa3e08.webp,https://shope.ee/1qEowtQKBp,89.000,40%,148.333,5.4,assets/images/40.jpg,SARUNG TANGAN MOTOR RESPIRO RGL 204 - 205 TOUCHSCR...,SARUNG TANGAN MOTOR RESPIRO RGL 204 - 205 TOUCHSCREEN BEST SELLER GLOVE PRIA WANITA ORIGINAL,null.png,0
https://down-bs-id.img.susercontent.com/a21e6a16b75ec470fc898b78b852883a.webp,https://shope.ee/6ANo6z27zW,80.000,30%,114.286,3.1,assets/images/30.jpg,PECI IMAMAH. PECI BLANKON. PECI SUNAN. PECI SONGKO...,Peci Imamah. Peci blankon. Peci sunan. Peci Songkok,star.png,1
https://down-bs-id.img.susercontent.com/801fdf8545e56d616e1c66a44106eadc.webp,https://shope.ee/10fhxfi1jA,19.400,50%,38.800,13.1,assets/images/50.jpg,MURAH BINGITSS !! PECI SONGKOK KOPIAH TEROMPAH VAR...,MURAH BINGITSS !! Peci Songkok Kopiah Terompah Varian Hitam Motif Bordir Tinggi 10 cm Murah - Peci Haji Putih Malaysia Murah Berlualitas Harga Grosir Bisa Bayar Di Tempat - Songkok Pria dewasa Terbaru Sholat Laki-laki Fashion Muslim Perlengkapan Shalat,null.png,0
https://down-bs-id.img.susercontent.com/9f0c8c252686402d32906685bb118db9.webp,https://shope.ee/1Az89taL09,20.900,40%,34.833,26.3,assets/images/40.jpg,PECI KEKINIAN ASAGOFAH SPOONS ANAK DAN DEWASA - PE...,PECI KEKINIAN ASAGOFAH SPOONS ANAK DAN DEWASA - PECI PRIA MODEL TERBARU MERK BREADSTR - SONGKOK KOPIAH HITAM VARIAN WARNA MURAH BERKUALITAS BISA BAYAR DI TEMPAT COD,null.png,0
https://down-bs-id.img.susercontent.com/cf23beb769fb82c6c0fe9265e1b8d326.webp,https://shope.ee/9A1PglJRRp,40.900,40%,68.167,114.5,assets/images/40.jpg,PECI SONGKOK KOPIAH WADIMOR HITAM POLOS PECI HITAM...,Peci Songkok Kopiah Wadimor Hitam Polos Peci Hitam Peci Polos Songkok Hitam Songkok Polos Kopiah,null.png,0
