https://down-bs-id.img.susercontent.com/aacc3d53b40a394659cee7bdd9c414fe.webp,https://shope.ee/6ANo10kOoT,59.500,40%,99.167,165,assets/images/40.jpg,CELANA PRIA CHINO SLIM FIT PANJANG KERJA KANTOR SA...,CELANA PRIA CHINO Slim fit Panjang Kerja kantor Santai Liburan Cowok Gentleman Boy,star.png,1
https://down-bs-id.img.susercontent.com/id-11134207-7r98z-lsmqrmgrueyu54.webp,https://shope.ee/6zwv0ZtcNU,170.050,20%,212.563,110.8,assets/images/20.jpg,FROYEMUL - BASIC TROUSERS (CELANA BAHAN FORMAL PRI...,FROYEMUL - Basic Trousers (Celana Bahan Formal Pria. Slimfit),mall.png,2
https://down-bs-id.img.susercontent.com/id-11134207-7qul1-li9my0a2b0yh47.webp,https://shope.ee/5pkxcXqtud,58.500,40%,97.500,42.7,assets/images/40.jpg,CELANA CHINO PANJANG PRIA SLIMFIT KERJAHARIAN SANT...,CELANA CHINO Panjang Pria Slimfit KERJAHARIAN Santai Casual Formal Hitam Abu Cream Mocca Size 27-38,null.png,0
https://down-bs-id.img.susercontent.com/49242998afd07e267df4ae2ce4bd8967.webp,https://shope.ee/3pztEubNBd,54.800,40%,91.333,95.1,assets/images/40.jpg,YANG LAGI HITS CELANA CARGO PANJANG PRIA ARMY LORE...,YANG LAGI HITS Celana Cargo Panjang Pria Army Loreng Ufc Venum Mma Pantai Gym Lari Fitnes,null.png,0
https://down-bs-id.img.susercontent.com/id-11134207-7r98r-lsmqrmgrt0eeaf.webp,https://shope.ee/8pOZC98KLA,179.000,20%,223.750,46.5,assets/images/20.jpg,FROYEMUL - DARK GREY TROUSERS (CELANA BAHAN FORMAL...,FROYEMUL - Dark grey trousers (celana bahan formal pria. slimfit),mall.png,2
https://down-bs-id.img.susercontent.com/d3ba47c1cb3e36774135c62edaf1a19d.webp,https://shope.ee/7fCbo6wfoL,119.700,30%,171.000,23.9,assets/images/30.jpg,CELANA JEANS PRIA SLIM FIT STANDAR SOBEK STRETCH K...,Celana Jeans Pria SLIM FIT STANDAR SOBEK STRETCH Korean Style Kekinian Biru muda original boyfriend cowok jeans pensil pants Denim Soft jeans celana skinny hitam abu jeans laki laki dewasa big size keyboy,null.png,0
https://down-bs-id.img.susercontent.com/da7036d8ec1148675ffc8f57926591fd.webp,https://shope.ee/4AcjdjzePC,80.000,30%,114.286,9.8,assets/images/30.jpg,SIRWAL CASUAL | CELANA SIRWAL PRIA | SIRWAL SEMI F...,SIRWAL CASUAL | CELANA SIRWAL PRIA | SIRWAL SEMI FORMAL | CELANA MUSLIM,null.png,0
https://down-bs-id.img.susercontent.com/97dde8e47ca46f68495746dd808405c0.webp,https://shope.ee/8f58zu35FB,120.000,40%,200.000,52.3,assets/images/40.jpg,ALFHEIMCLOTH.INC - CELANA JEANS PRIA LONG PANTS DE...,AlfheimCloth.Inc - Celana Jeans Pria Long Pants Denim - Slim Fit Pria Bahan BADJATEX Dark Navy.Snowgrey.Blitz.Soft Blitz.Black Denim S. M. L. XL,mall.png,2
https://down-bs-id.img.susercontent.com/id-11134201-7qukw-lgx9ff1k05f211.webp,https://shope.ee/VjRH5XaXB,65.000,40%,108.333,151.1,assets/images/40.jpg,[BISA COD] ORIGINAL CELANA CARGO PANJANG PRIA DEWA...,[BISA COD] ORIGINAL Celana Cargo Panjang Pria Dewasa kimpol Size 28--44,null.png,0
https://down-bs-id.img.susercontent.com/5d61ec0247a36b16347b799986f7f176.webp,https://shope.ee/4Acjdsw10E,75.000,40%,125.000,35.1,assets/images/40.jpg,CELANA BAHAN PRIA CARDINAL FORMAL REGULER,Celana Bahan Pria Cardinal Formal Reguler,null.png,0
https://down-bs-id.img.susercontent.com/69a0a0a6db65874aeeabd63d27a985ca.webp,https://shope.ee/4psQR8o8Fo,79.000,50%,158.000,54.4,assets/images/50.jpg,CELANA JEANS PRIA LEA STANDAR REGULER PREMIUM 28 S...,CELANA JEANS PRIA LEA STANDAR REGULER PREMIUM 28 sampai 38 bisa COD,star.png,1
https://down-bs-id.img.susercontent.com/sg-11134201-22120-z2on1qclymkvfe.webp,https://shope.ee/7zpSD1aSeQ,69.900,40%,116.500,60.3,assets/images/40.jpg,FIFTEEN DENIM - CELANA JEANS PRIA SLIM FIT STREETC...,FIFTEEN DENIM - Celana Jeans Pria Slim Fit Streetch Original New Fifteen Denim / Celana Pria Jeans,star.png,1
https://down-bs-id.img.susercontent.com/35ca911fd8b4f419f47e9612ee4f049a.webp,https://shope.ee/1qEormDW4Y,37.250,30%,53.214,201.2,assets/images/30.jpg,CELANA DALAM BOXER PRIA (ISI 3PCS) / CD BOXER PRIA...,celana dalam boxer pria (ISI 3pcs) / cd boxer pria murah,null.png,0
https://down-bs-id.img.susercontent.com/c2542e0485269852ecc238228b715546.webp,https://shope.ee/7KZlPvnF2Z,99.600,40%,166.000,161.1,assets/images/40.jpg,GOODETHICS - CELANA BAHAN FORMAL PRIA SLIMFIT,GOODETHICS - Celana Bahan Formal Pria Slimfit,mall.png,2
https://down-bs-id.img.susercontent.com/92d9aab59985b64b021be5eda008d46c.webp,https://shope.ee/5pkxdGd7gH,36.900,40%,61.500,193.1,assets/images/40.jpg,CELANA CHINO CINO PENDEK PRIA DEWASA,CELANA CHINO CINO PENDEK PRIA DEWASA,star.png,1
https://down-bs-id.img.susercontent.com/id-11134207-7r98x-ln9wcruma7h201.webp,https://shope.ee/7fCbohQ80C,59.500,40%,99.167,57.8,assets/images/40.jpg,BOARDSHORT CELANA PENDEK PRIA SANTAI PREMIUM ORIGI...,Boardshort Celana Pendek Pria santai Premium Original Brandsurf,null.png,0
https://down-bs-id.img.susercontent.com/id-11134207-7r98q-lldvgk7gxzzd28.webp,https://shope.ee/nAgf0pjE,139.000,40%,231.667,272.6,assets/images/40.jpg,SAKAYO - CELANA KANTOR FORMAL KERJA PRIA SLIMFIT B...,SAKAYO - Celana Kantor Formal Kerja Pria Slimfit Bahan Dasar Kain,mall.png,2
https://down-bs-id.img.susercontent.com/id-11134207-7r991-ll8pxgej6sfda4.webp,https://shope.ee/g2rTyVTPf,11.500,50%,23.000,446.6,assets/images/50.jpg,BOXER PRIA | KOLOR PRIA | BOXER MOTIF DEWASA | KOL...,BOXER PRIA | KOLOR PRIA | BOXER MOTIF DEWASA | KOLOR| CELANA BOXER | CELANA PENDEK PRIA,null.png,0
https://down-bs-id.img.susercontent.com/id-11134207-7qul3-lfikg0d4latxc1.webp,https://shope.ee/9pH6OszQfo,19.000,40%,31.667,357.4,assets/images/40.jpg,CELANA PENDEK PARASUT OLAHRAGA SAKU RESLETING PRIA...,Celana Pendek Parasut Olahraga Saku Resleting Pria Wanita Running Gym Sport Kolor Volly Futsal Bulu Tangkis Jogging Bahan Berkulitas,null.png,0
https://down-bs-id.img.susercontent.com/id-11134207-7qul7-lk0mlddve7wf8b.webp,https://shope.ee/5fRXRIiTQf,54.148,30%,77.354,21.2,assets/images/30.jpg,MURAH CELANA DALAM PRIA BOXER ISI 3-5-6,MURAH CELANA DALAM PRIA BOXER ISI 3-5-6,null.png,0
https://down-bs-id.img.susercontent.com/0507d580af74cbd19fd09b8ced1994d6.webp,https://shope.ee/8f590sZpxM,4.219,50%,8.438,999.9,assets/images/50.jpg,"""PROMO"" P-CD002 - PRIA-BOXER-002 PAKAIAN DALAM CEL...","""PROMO"" P-CD002 - Pria-Boxer-002 Pakaian dalam celana dalam Import Murah New Melar",null.png,0
https://down-bs-id.img.susercontent.com/e17409388a4f2025e92a84d9b94b3b96.webp,https://shope.ee/4psQRu8kC1,62.999,20%,78.749,50.4,assets/images/20.jpg,MADELON BOXER ( 4-12PCS ) BRIEFS CELANA DALAM SEAM...,Madelon BOXER ( 4-12PCS ) Briefs Celana Dalam Seamless Pria Art 3327,null.png,0
https://down-bs-id.img.susercontent.com/id-11134207-7qul3-lhx2q4yoekqn38.webp,https://shope.ee/6pdUpmIQ2R,58.999,30%,84.284,7.5,assets/images/30.jpg,SASKARA - SARUNG BATIK PRIA REMAJA DEWASA SARUNG W...,SASKARA - SARUNG BATIK PRIA REMAJA DEWASA SARUNG WADIMOR HALUS SARUNG KATUN PRINTING - SARUNG WAJADA,null.png,0
https://down-bs-id.img.susercontent.com/2652d11aca5467f1c041d8eea357d68e.webp,https://shope.ee/5pkxdylg99,50.900,40%,84.833,9.2,assets/images/40.jpg,SARUNG BATIK SARUNG SANTRI SARUNG PALAIKAT SARUNG ...,Sarung batik sarung santri sarung palaikat sarung dewasa wayang hanacaraka,null.png,0
https://down-bs-id.img.susercontent.com/b47b91d0a3efc199847c18f6b4f546e7.webp,https://shope.ee/1VbyU4EEPy,58.999,40%,98.332,5.8,assets/images/40.jpg,SARUNG BATIK PEKALONGAN MOTIF SARANG TAWON KATUN T...,SARUNG BATIK PEKALONGAN MOTIF SARANG TAWON KATUN TEBAL PREMIUM - SARUNG SARWON HITAM PRIA,null.png,0
https://down-bs-id.img.susercontent.com/id-11134207-7r98x-lno55s1imj291d.webp,https://shope.ee/9A1PcPrmUQ,43.900,40%,73.167,129,assets/images/40.jpg,SARUNG WADIMOR HITAM PUTIH DEWASA ANAK POLOS WARNA...,Sarung WADIMOR Hitam Putih Dewasa Anak Polos Warna Tumpal Motif Kain Sarung Samping Wadimor Anak Sholat Santri Junior Remaja Tanggung Pria Laki Cowok Jumbo Peci Padang Kotak Katun Sarung Tenun Wadimor Grosir Premium Motif Koko Ori Original Terbaru 2024,null.png,0
https://down-bs-id.img.susercontent.com/fbc84ff38c63d2fb97f57f96d2344d09.webp,https://shope.ee/7pW22A0oE7,23.000,30%,32.857,10.5,assets/images/30.jpg,SARUNG TENUN HITAM POLOS MOTIF DOBBY SABUK,SARUNG TENUN HITAM POLOS MOTIF DOBBY SABUK,null.png,0
https://down-bs-id.img.susercontent.com/id-11134207-7r98t-ls842xx5xxe146.webp,https://shope.ee/3pztGYDdE9,30.000,30%,42.857,162,assets/images/30.jpg,SARUNG BATIK MOTIF KEKINIAN TERBARU GUS IQDAM,SARUNG BATIK MOTIF KEKINIAN TERBARU GUS IQDAM,null.png,0
https://down-bs-id.img.susercontent.com/id-11134207-7r98v-lr4de97kyybq7c.webp,https://shope.ee/6KhEFbanjN,44.995,40%,74.992,132,assets/images/40.jpg,SARUNG BATIK SARANG TAWON SARUNG SANTRI KEKINIAN S...,Sarung Batik Sarang Tawon Sarung Santri Kekinian Sarung Pria Seragaman,star.png,1
https://down-bs-id.img.susercontent.com/id-11134207-7r98t-lsjz1kzz03wt74.webp,https://shope.ee/9KKpp1jg5q,55.500,40%,92.500,88,assets/images/40.jpg,SARUNG BATIK PALAIKAT PALEKAT TERBARU ALA SANTRI S...,SARUNG BATIK PALAIKAT PALEKAT TERBARU ALA SANTRI SARUNG MOTIF GUS IQDHAM TERBARU SARUNG PRIA TERLARIS,null.png,0
https://down-bs-id.img.susercontent.com/id-11134207-7r98u-lnu9d7rtulqfa0.webp,https://shope.ee/7fCbq4iaao,50.350,40%,83.917,93,assets/images/40.jpg,SARUNG BATIK MOTIF WADIMOR BALI SARUNG BATIK DEWAS...,Sarung batik motif wadimor bali sarung batik dewasa katun primis gunungan terbaru,star.png,1
https://down-bs-id.img.susercontent.com/sg-11134201-7rbm7-llei0q2cvofp96.webp,https://shope.ee/2LB5UK1kXI,116.000,20%,145.000,94,assets/images/20.jpg,(MOTIF BARU) SARUNG BHS CLASSIC KAWUNG DOBBY GOLD/...,(MOTIF BARU) Sarung BHS Classic Kawung Dobby Gold/SKT DAM/KDP | BHS Infinity|BHS COSMO ORIGINAL100% TERLARIS,null.png,0
https://down-bs-id.img.susercontent.com/sg-11134201-23030-f4fu7xnan9nvb8.webp,https://shope.ee/9UeG1cohF9,101.500,30%,145.000,73,assets/images/30.jpg,SARUNG BHS CLASSIC JGE/JSK KUALITAS GOLD / SILVER ...,SARUNG BHS CLASSIC JGE/JSK kualitas GOLD / silver sarung BHS murah Original,null.png,0
https://down-bs-id.img.susercontent.com/751dde5427771ed72ab0992ceb9211a1.webp,https://shope.ee/9A1Pd421OU,40.500,50%,81.000,66,assets/images/50.jpg,SARUNG CELANA ANAK DAN DEWASA CELANA INSTAN,Sarung Celana Anak Dan Dewasa Celana Instan,star.png,1
https://down-bs-id.img.susercontent.com/d24e5229fae8b343b0028d9b7497e62d.webp,https://shope.ee/8UlipwSjxY,59.500,30%,85.000,67,assets/images/30.jpg,SARUNG WADIMOR BALI ORIGINAL MOTIF TERBARU FULL KE...,"Sarung Wadimor Bali Original motif terbaru Full Kembang (Grosir & Eceran),",null.png,0
https://down-bs-id.img.susercontent.com/id-11134207-7r98x-lqbga2et1nid91.webp,https://shope.ee/4VFa4hA8V4,35.000,40%,58.333,65,assets/images/40.jpg,SARUNG SAMARINDA ZAYYAN DEWASA UK 120 X 100 CM,SARUNG SAMARINDA ZAYYAN DEWASA UK 120 x 100 cm,null.png,0
