https://down-bs-id.img.susercontent.com/id-11134207-7qukw-ljatnrc48xyl70.webp,https://shope.ee/7UtAiDhOuR,30.000,30%,42.857,37.1,assets/images/30.jpg,KAOS POLOS PRIA COTTON COMBED 30S - KAOS LENGAN PE...,KAOS POLOS PRIA COTTON COMBED 30S - KAOS LENGAN PENDEK PRIA ROUND NECK REGULER FIT,null.png,
https://down-bs-id.img.susercontent.com/id-11134207-7qul3-lgz47bt02slva8.webp,https://shope.ee/5Kog8JIlLG,16.500,40%,27.500,41.8,assets/images/40.jpg,KAOS POLOS COTTON COMBED PREMIUM LENGAN PENDEK PRE...,Kaos Polos Cotton Combed Premium Lengan Pendek Premium Pria Wanita Termurah,null.png,
https://down-bs-id.img.susercontent.com/46084648e56c5dce366df5189ff0e1d8.webp,https://shope.ee/AUWmI5aMSL,35.000,40%,58.333,86.5,assets/images/40.jpg,BATIK PRIA KEMEJA BATIK LENGAN PANJANG SIZE M L XL...,Batik Pria Kemeja Batik Lengan Panjang SIZE M L XL XXL XXXL,null.png,
https://down-bs-id.img.susercontent.com/id-11134207-7qul6-lg4cz5nv9fudf2.webp,https://shope.ee/8zhyVPrBLs,10.999,40%,18.332,315.6,assets/images/40.jpg,KAOS DALAM PRIA DEWASA SINGLET PRIA TANKTOP JUMBO ...,Kaos dalam pria dewasa singlet pria tanktop Jumbo warna polos katun premium,null.png,
https://down-bs-id.img.susercontent.com/06287873304c44ff6a0d568edfe533da.webp,https://shope.ee/5pkwjqJB1E,38.800,30%,55.429,30.7,assets/images/30.jpg,LISO WEAR - KAOS POLO SHIRT DISTRO | KAOS KERAH PR...,Liso wear - Kaos polo shirt distro | kaos kerah pria | atasan baju kaos polo shirt bordir | kaos kerah dewasa t shirt M L XL,null.png,
https://down-bs-id.img.susercontent.com/id-11134207-7r98x-llc1tc8faglg1d.webp,https://shope.ee/5KogDK7Wls,89.000,40%,148.333,4.2,assets/images/40.jpg,PLATINUM WORLD ZIPPER HOODIE RESLETING KOMBINASI P...,PLATINUM WORLD Zipper Hoodie Resleting Kombinasi Pria Wanita - Jaket Sweater Couple Jumbo XXL 3XL V1,null.png,
https://down-bs-id.img.susercontent.com/id-11134207-7r98p-ln816z5psnfo8d.webp,https://shope.ee/5V86PgNLgx,89.500,30%,127.857,1.5,assets/images/30.jpg,BROGUY JAKET PRIA HALF ZIPPER SALFORD CARAMEL,BROGUY Jaket Pria Half Zipper Salford Caramel,null.png,
https://down-bs-id.img.susercontent.com/8e311a543766cde886ad778facebdc41.webp,https://shope.ee/3pzsQgEsXy,125.000,40%,208.333,7.6,assets/images/40.jpg,JAKET SEMI JAS FORMAL PRIA /JAKET KANTOR PRIA/JASK...,Jaket semi jas formal pria /Jaket Kantor pria/Jasket/Jaket harian/ blazer pria/ Jaket formal,null.png,
https://down-bs-id.img.susercontent.com/id-11134207-7r992-lt95ycynvm9l01.webp,https://shope.ee/5V86PmpnAT,245.000,20%,306.250,2.6,assets/images/20.jpg,ANTARESTAR OFFICIAL - JAKET GUNUNG PRIA WANITA AET...,ANTARESTAR Official - Jaket Gunung Pria Wanita Aether Series Jacket Musim Dingin Jaket Gelembung Casual Outdoor,mall.png,2
https://down-bs-id.img.susercontent.com/id-11134211-7qukw-li1mxh7xahgn11.webp,https://shope.ee/9pH5a0tMsf,150.000,30%,214.286,1.1,assets/images/30.jpg,JAS MANDARIN / JASKO PRIA / JASKO SANTRI / JAS PRI...,Jas Mandarin / Jasko Pria / Jasko Santri / Jas Pria,star.png,1
https://down-bs-id.img.susercontent.com/a7a2a053e87988e26f06fed7008e19be.webp,https://shope.ee/4VFZE7bxLu,108.000,40%,180.000,17.4,assets/images/40.jpg,JAS WISUDA / JAS NIKAH / JAS FORMAL / JAS SLIMFIT ...,JAS WISUDA / JAS NIKAH / JAS FORMAL / JAS SLIMFIT / JAS PRIA,null.png,
https://down-bs-id.img.susercontent.com/e12628d3bb727cc81e6c6b0b5165657e.webp,https://shope.ee/2fnv2e3MW7,185.000,30%,264.286,29.2,assets/images/30.jpg,FREESTYLE JAKET GUNUNG PRIA WATERPROOF ANTI AIR TA...,Freestyle Jaket Gunung Pria Waterproof Anti Air Taslan Jaket Outdoor Hiking Windproof,mall.png,2
https://down-bs-id.img.susercontent.com/46084648e56c5dce366df5189ff0e1d8.webp,https://shope.ee/AUWmI5aMSL,35.000,40%,58.333,86.5,assets/images/40.jpg,BATIK PRIA KEMEJA BATIK LENGAN PANJANG SIZE M L XL...,Batik Pria Kemeja Batik Lengan Panjang SIZE M L XL XXL XXXL,null.png,
https://down-bs-id.img.susercontent.com/id-11134207-7r991-lpatbvdsu10h1d.webp,https://shope.ee/6zwu7p5VUO,39.500,30%,56.429,40,assets/images/30.jpg,BATIK PRIA LENGAN PANJANG BATIK AZMIL HRB026 MOTIF...,Batik Pria Lengan Panjang BATIK AZMIL HRB026 motif KERATONAN Kode 002 size M L XL XXL,null.png,
https://down-bs-id.img.susercontent.com/93275cfc55daeb0d11c672c0f882861b.webp,https://shope.ee/AUWmIIzq54,22.000,50%,44.000,162.4,assets/images/50.jpg,BAJU BATIK PRIA ABADI BATIK KEMEJA BATIK PRIA LENG...,BAJU BATIK PRIA ABADI BATIK KEMEJA BATIK PRIA LENGAN PENDEK,null.png,
https://down-bs-id.img.susercontent.com/03aa29c308d843601ba364ba60c7cc0b.webp,https://shope.ee/3VN1xVOwMz,33.300,40%,55.500,190.8,assets/images/40.jpg,KEMEJA PRIA MENS POLOSAN LENGAN PANJANG COOLMAN PA...,KEMEJA PRIA MENS POLOSAN LENGAN PANJANG COOLMAN PAKIAN PRIA CASUAL PAKAIAN DINAS PNS KERJA,null.png,
https://down-bs-id.img.susercontent.com/id-11134207-7r98r-lmj5bvuq9ho4fc.webp,https://shope.ee/8zhyVjj2CH,34.000,30%,48.571,89.8,assets/images/30.jpg,TURUN HARGA KEMEJA PRIA MENS POLOSAN LENGAN PANJAN...,TURUN HARGA KEMEJA PRIA MENS POLOSAN LENGAN PANJANG COOLMAN PAKIAN PRIA CASUAL PAKAIAN DINAS KERJA,null.png,
https://down-bs-id.img.susercontent.com/id-11134207-7r98s-low52cxspac376.webp,https://shope.ee/7UtAj20ryd,28.500,40%,47.500,41.4,assets/images/40.jpg,BATIK PRIA LENGAN PENDEK BATIK AZMIL KODE 002 SIZE...,Batik Pria Lengan Pendek BATIK AZMIL Kode 002 size M L XL XXL,null.png,
https://down-bs-id.img.susercontent.com/id-11134207-7qul7-lev69l2cykqi7d.webp,https://shope.ee/3L3blQ6rFw,61.500,30%,87.857,33.8,assets/images/30.jpg,MANLY KAOS KERAH PREMIUM POLO SHIRT PRIA,MANLY Kaos Kerah Premium Polo Shirt Pria,null.png,
https://down-bs-id.img.susercontent.com/id-11134207-7r991-lo8med8ih7nudc.webp,https://shope.ee/1Az7BVDLxX,45.000,40%,75.000,92.4,assets/images/40.jpg,BATIK PRIA KEMEJA BATIK LENGAN PANJANG BORDIR SOGA...,BATIK PRIA KEMEJA BATIK LENGAN PANJANG BORDIR SOGAN HRB026 AZRIELBATIK,null.png,
https://down-bs-id.img.susercontent.com/e774776c0559eb2151ead119ee495f55.webp,https://shope.ee/9UeF6tWfjB,63.650,40%,106.083,94.3,assets/images/40.jpg,COUGLE MAN ELZANO - JAKET PARASUT PRIA DAN WANITA,Cougle Man Elzano - Jaket Parasut Pria dan Wanita,null.png,
https://down-bs-id.img.susercontent.com/id-11134207-7r990-lnlzakai7s0645.webp,https://shope.ee/9A1OiLASps,54.500,30%,77.857,48.2,assets/images/30.jpg,[COD] GAMIS PRIA JUBAH PRIA JUBAH GAMIS PRIA MODEL...,[COD] GAMIS PRIA JUBAH PRIA JUBAH GAMIS PRIA MODEL HARAMAIN JUBAH POLOS,null.png,
https://down-bs-id.img.susercontent.com/d3cc1c203315d9406c61b3b0bd026864.webp,https://shope.ee/1VbxaL1tL7,77.495,30%,110.707,37.8,assets/images/30.jpg,MATSUDA KAOS POLO SHIRT PRIA KERAH KUSHIMA,MATSUDA Kaos Polo Shirt Pria Kerah Kushima,mall.png,2
https://down-bs-id.img.susercontent.com/id-11134207-7qukz-ljf4phezvwmlf4.webp,https://shope.ee/9pH5ViD5e8,90.000,20%,112.500,17.2,assets/images/20.jpg,BAJU KOKO PRIA LENGAN PANJANG MOTIF ZOLIED WARNA H...,Baju Koko Pria Lengan Panjang Motif Zolied Warna Hitam Kombinasi Batik,star.png,1
https://down-bs-id.img.susercontent.com/id-11134207-7r98u-lr8h0hu856mx57.webp,https://shope.ee/2AreNi93ST,105.000,30%,150.000,3,assets/images/30.jpg,BAJU KOKO PRIA KEMKO SULTAN EMBOS KEMEJA KOKO SULT...,Baju koko pria kemko sultan embos kemeja koko sultan taqwa muslim lengan panjang embos terbaru kurta pakistan haibah,star.png,1
https://down-bs-id.img.susercontent.com/id-11134207-7qukw-leps4vsh91vz76.webp,https://shope.ee/8KSHj66ECz,50.500,50%,101.000,4.8,assets/images/50.jpg,KOKO HAIBAH HITAM POLOS LENGAN PANJANG KOKO HABAIB...,Koko Haibah Hitam Polos Lengan Panjang Koko Habaib Koko Habibi Murah Baju taqwa,null.png,
https://down-bs-id.img.susercontent.com/b30d6f607dcf469e4a9d04b0e0aa68ae.webp,https://shope.ee/50Bpl1dm0C,54.910,40%,91.517,31.1,assets/images/40.jpg,BAJU KOKO PRIA DEWASA KOKO KURTA TAQWA PAKAIAN MUS...,Baju Koko Pria Dewasa Koko Kurta Taqwa Pakaian Muslim Lengan Pendek Matt Katun Adem Tebal Terlaris,null.png,
https://down-bs-id.img.susercontent.com/id-11134207-7qul8-lhpxaznv2xjv26.webp,https://shope.ee/AKDM6zopmT,89.500,20%,111.875,6.5,assets/images/20.jpg,KOKO HAIBAH KAZIMI - PUTIH | KOKO HABAIB MODEL AMM...,KOKO HAIBAH KAZIMI - PUTIH | KOKO HABAIB MODEL AMMU | BAJU TAQWA,null.png,
https://down-bs-id.img.susercontent.com/79a222d83a00d43adfefb94c4e17c457.webp,https://shope.ee/2AreNs0Xxo,32.500,50%,65.000,4,assets/images/50.jpg,BAJU TAQWA DEWASA STANDAR HALUS,Baju Taqwa Dewasa standar halus,star.png,1
https://down-bs-id.img.susercontent.com/72bce0c5395c726b3a718a224bbb2fb4.webp,https://shope.ee/4VFZAN8cLa,42.400,20%,53.000,5.2,assets/images/20.jpg,BAJU KOKO KEMEJA KEMKO BORDIR LENGAN PENDEK TAQWA ...,Baju Koko Kemeja Kemko Bordir Lengan Pendek Taqwa Hem Katun Pria Murah,null.png,
https://down-bs-id.img.susercontent.com/sg-11134201-22120-la1m7cvf9olvdc.webp,https://shope.ee/A9tvudqTSr,33.900,50%,67.800,11.7,assets/images/50.jpg,BAJU KOKO LENGAN PANJANG BORDIR KLASIK KEMEJA FORM...,Baju Koko Lengan Panjang Bordir Klasik Kemeja Formal Kantong Dobby Kokoh Tangan Adem Dewasa Pria Laki Busana Atasan Muslim Lebaran Kurta Qurta Takwa Taqwa Tebal Murah Polos Warna Soft Putih Biru Hijau Coklat Cowok Cowo XL XXL Jumbo Hitam Jodoh Sarung Peci,null.png,
https://down-bs-id.img.susercontent.com/sg-11134201-23010-px16knrprwlv42.webp,https://shope.ee/5Kog9vvhTr,69.750,30%,99.643,2.8,assets/images/30.jpg,KOKO POLOS KOKO HAIBAH SAKU SAMPING KOKO AMMU BAJU...,KOKO POLOS KOKO HAIBAH SAKU SAMPING KOKO AMMU BAJU TAQWA KOKO DEWASA LENGAN PANJANG KOKO ALHASYIMI KOKO BAHAN TOYOBO PREMIUM,null.png,
https://down-bs-id.img.susercontent.com/91508ab3d9be5339a92e193ef2ed2957.webp,https://shope.ee/1LIXOhclEb,69.900,50%,139.800,7.1,assets/images/50.jpg,BAJU KOKO DEWASA WADIMOR BAJU KOKO LENGAN PANJANG ...,Baju Koko Dewasa Wadimor Baju Koko Lengan Panjang Baju Koko Putih Baju Koko Muslim Baju Taqwa Putih,null.png,
https://down-bs-id.img.susercontent.com/id-11134207-7r98v-lmwgxo5cbyg4db.webp,https://shope.ee/20YEEzL4Kt,144.000,20%,180.000,25.1,assets/images/20.jpg,JAKET ANTI AIR TEBAL MNG PRIA WANITA WATERPROOF WI...,Jaket Anti Air Tebal MnG Pria wanita Waterproof Windproof Winter Outdoor Puffer Tebal Musim Dingin Outdor Touring Hangat Tahan Air Gunung Pendaki,null.png,
https://down-bs-id.img.susercontent.com/id-11134207-7r98w-lrnh0o0pyt89a7.webp,https://shope.ee/1LIXRorKYS,144.500,30%,206.429,19.2,assets/images/30.jpg,JAKET PRIA KLASIK FLIGHT BOMBER MILITARY HUNTING C...,JAKET PRIA KLASIK FLIGHT BOMBER MILITARY HUNTING CLOTH,star.png,1
https://down-bs-id.img.susercontent.com/8e9fc6b55cb56a971fcc76e8270edf26.webp,https://shope.ee/qMGqyHsYr,96.600,40%,161.000,5.4,assets/images/40.jpg,JAS BLAZER PRIA / JAKET CASUAL SEMI FORMAL / JASKE...,Jas Blazer Pria / Jaket Casual Semi Formal / Jasket Pria Slimfit / Jas Pria Formal Slim Fit,null.png,
