https://down-bs-id.img.susercontent.com/f02f5525981e3e84f3b367d41f18b9fd.webp,https://shope.ee/9exf0zqnUH,4.219,40%,7.032,18.7,assets/images/40.jpg,SANDAL SLOP PRIA EVA / SANDAL RUMAH LAKI LAKI / SE...,Sandal slop pria EVA / Sandal rumah laki laki / Sendal slop pria / Sandal slide pria 39 s/d 44,star.png,1
https://down-bs-id.img.susercontent.com/id-11134207-7r98w-lt14cu9zfy4d8b.webp,https://shope.ee/8UlhdDys7d,9000,40%,15.000,13.8,assets/images/40.jpg,SANDAL JEPIT PRIA KASUAL FEPPER,Sandal Jepit Pria Kasual Fepper,null.png,
https://down-bs-id.img.susercontent.com/id-11134207-7r98u-lnvadyh4tt3d8c.webp,https://shope.ee/8A8rETuqdm,50900,30%,72.714,12.9,assets/images/30.jpg,COMANIER SANDAL FUJI WANITA KOREA PREMIUM SENDAL W...,Comanier Sandal Fuji Wanita Korea Premium Sendal Wanita Karet Jelly Wedges Platform Tebal Empuk Tali Belakang,mall.png,2
https://down-bs-id.img.susercontent.com/id-11134207-7r991-louxigeg93rh72.webp,https://shope.ee/1fvNUiAkYZ,52900,40%,88.167,9.5,assets/images/40.jpg,A-KEMOLA SANDAL FUJI WANITA KOREA PREMIUM SANDAL W...,A-KEMOLA Sandal Fuji Wanita Korea Premium Sandal Wanita Terbaru Sendal Wedges Tali Jelly,null.png,
https://down-bs-id.img.susercontent.com/id-11134207-7qul5-ljfah6pq2u1v7d.webp,https://shope.ee/604Meainaa,28900,40%,48.167,11.3,assets/images/40.jpg,VOOVA SANDAL OLAHRAGA/SANDAL OUTDOOR MODE/ANTI SLI...,VOOVA Sandal Olahraga/Sandal Outdoor Mode/Anti Slip/Tidak Licin,mall.png,2
https://down-bs-id.img.susercontent.com/sg-11134201-22100-15pdhlozw5hv39.webp,https://shope.ee/8KSHQiiM5R,4500,40%,7.500,12.8,assets/images/40.jpg,SANDAL JEPIT WANITA THE GRASS HAS,SANDAL JEPIT WANITA THE GRASS HAS,null.png,
https://down-bs-id.img.susercontent.com/id-11134207-7r98o-lr4xlho75hs93a.webp,https://shope.ee/g2qIvv4EG,32900,40%,54.833,9.4,assets/images/40.jpg,SENDAL DEWASA WANITA KARET TINGGI DESAIN MENARIK A...,Sendal Dewasa Wanita Karet Tinggi Desain Menarik Anti Slip Trendi Sendal Dewasa Perempuan Baru,null.png,
https://down-bs-id.img.susercontent.com/id-11134207-7r991-lmfr46tjjt7l62.webp,https://shope.ee/9zaVQ8Bndi,56400,30%,80.571,10.4,assets/images/30.jpg,ROOTLY - SENDAL SELOP FULL BLACK SLIPPER UNISEX,Rootly - Sendal Selop Full Black Slipper Unisex,mall.png,2
https://down-bs-id.img.susercontent.com/1213bae0c71ad293b60c3d547793ae5d.webp,https://shope.ee/1fvNUtoAMb,12900,50%,25.800,7.4,assets/images/50.jpg,SANDAL FLAT WANITA JEPIT KUPAT,Sandal Flat Wanita Jepit Kupat,null.png,
https://down-bs-id.img.susercontent.com/5ec6a87d32626f6df36c62e3681b3625.webp,https://shope.ee/n9VtodJK,30000,40%,50.000,7.5,assets/images/40.jpg,SANDAL SELOP IMPORT PRIA SANDAL KARET KEKINIAN,SANDAL SELOP IMPORT PRIA SANDAL KARET KEKINIAN,null.png,
https://down-bs-id.img.susercontent.com/id-11134207-7quky-lfc10ldnjj5ycc.webp,https://shope.ee/2fnugozniZ,24900,30%,35.571,7.4,assets/images/30.jpg,DEJAVU SANDAL PRIA WANITA KARET JELLY SENDAL FLAT ...,Dejavu Sandal Pria Wanita Karet Jelly Sendal Flat Selop Rumah Slipper Sepatu Sendal Nyaman Flip Flop Empuk HSN150,mall.png,2
https://down-bs-id.img.susercontent.com/id-11134207-7r990-lnplouidn2pz1a.webp,https://shope.ee/AUWm1JGMD4,75000,30%,107.143,7.9,assets/images/30.jpg,SANDAL KEREN 1KG 35RB - 115RB,SANDAL KEREN 1KG 35rb - 115rb,null.png,
https://down-bs-id.img.susercontent.com/id-11134207-7r98o-lt7ha46nfdkt97.webp,https://shope.ee/3fgRsnb2Cf,38500,40%,64.167,8.6,assets/images/40.jpg,SLIDE SANDAL BY HILOS - SANDAL SELOP WANITA MODEL ...,Slide Sandal By Hilos - Sandal Selop Wanita Model Korea Ready Stock Tipe Wedges Anti Air dan Anti Selip,star.png,1
https://down-bs-id.img.susercontent.com/id-11134207-7r98w-lsw6ehdws30m91.webp,https://shope.ee/3fgRsrM0tQ,16000,40%,26.667,8.8,assets/images/40.jpg,COLLIN CAT CLAW SANDAL WANITA SENDAL SLOP SENDAL K...,COLLIN Cat Claw Sandal Wanita Sendal Slop Sendal Karet Empuk Anti Slip B6191-1,star.png,1
https://down-bs-id.img.susercontent.com/f86dbfa33baf43fb166e94abe2c563dd.webp,https://shope.ee/8KSHRWFdKf,156600,50%,313.200,2.1,assets/images/50.jpg,SEPATU DINARA CHRISTY SEPATU SANDAL WANITA HEELS 5...,Sepatu Dinara Christy Sepatu Sandal Wanita Heels 5 Cm,mall.png,2
https://down-bs-id.img.susercontent.com/a35804fd03f018d2c82d6b0667ca7340.webp,https://shope.ee/AKDLpF6bLs,156600,50%,313.200,1.5,assets/images/50.jpg,SEPATU DINARA CELIIA SANDAL PESTA WANITA MULES HEE...,Sepatu Dinara Celiia Sandal Pesta Wanita Mules Heels 7 Cm,mall.png,2
https://down-bs-id.img.susercontent.com/id-11134207-7r991-lt7wyt3ilp3d0c.webp,https://shope.ee/1Az6uRrPu7,59900,40%,99.833,12.9,assets/images/40.jpg,GUDANG SEPATU ID MEY SEPATU SNEAKERS SPORT WANITA ...,Gudang Sepatu Id Mey Sepatu Sneakers Sport Wanita Casual Women Shoes Sport PU 37-40 - 1150,mall.png,2
https://down-bs-id.img.susercontent.com/id-11134201-23030-y8uupd7uofov61.webp,https://shope.ee/604MfOXTBI,84900,30%,121.286,20.3,assets/images/30.jpg,IMPORTIRFASHION PRIMADONA SEPATU SNEAKERS WANITA K...,Importirfashion Primadona Sepatu Sneakers Wanita Korea Import Cewek Sekolah Olahraga Woman Shoes PU Kulit Sintesis Premium Quality Size 36 Sampai 41 Free Kotak Box 0089,null.png,
https://down-bs-id.img.susercontent.com/id-11134207-7r98w-lt3kvd1wf07hea.webp,https://shope.ee/7AGK3brsal,98000,40%,163.333,5.2,assets/images/40.jpg,GUDANG SEPATU ID SEULGI SEPATU SNEAKERS CANVAS HAK...,Gudang Sepatu Id Seulgi Sepatu Sneakers Canvas Hak Tinggi Model Low Casual Sporty Women Shoes 36-41 - 1216,mall.png,2
https://down-bs-id.img.susercontent.com/id-11134207-7qul6-liigkc1b6liz90.webp,https://shope.ee/6V0dGVI7qw,166980,30%,238.543,3.4,assets/images/30.jpg,SEPATU DNY RUNNING SHOES PEREMPUAN SEPATU OLAHRAGA...,Sepatu DNY Running Shoes Perempuan Sepatu Olahraga Wanita Sneakers Cewek Spatu Zumba Jogging Lari Import 0054,mall.png,2
https://down-bs-id.img.susercontent.com/id-11134207-7r98s-ltag9ky293099a.webp,https://shope.ee/9exf2OHRod,73000,40%,121.667,1.7,assets/images/40.jpg,GUDANG SEPATU ID VERONIKA SANDAL IMPORT WANITA CAS...,Gudang Sepatu Id Veronika Sandal Import Wanita Casual Trendy Hak Sedang 37-40 - 3047,mall.png,2
https://down-bs-id.img.susercontent.com/id-11134207-7r98o-lnmv5i1jwd4sc7.webp,https://shope.ee/5AVFgEIYHA,59990,40%,99.983,124,assets/images/40.jpg,SEPATU SNEAKERS WANITA KOREA HR01-11,Sepatu Sneakers Wanita Korea HR01-11,star.png,1
https://down-bs-id.img.susercontent.com/id-11134207-7qul4-ljassgqkvzx28f.webp,https://shope.ee/9A1ORh4tdG,86000,40%,143.333,38.5,assets/images/40.jpg,ALOBON RANSEL KUCING AKSESORIS KUCING RANSEL HEWAN...,ALOBON Ransel Kucing Aksesoris Kucing Ransel Hewan Tas Hewan Astronot Tas Travel Hewan,mall.png,2
https://down-bs-id.img.susercontent.com/id-11134207-7r98o-lr4lrnvic4u112.webp,https://shope.ee/6KhD4Z0SoB,103000,40%,171.667,24.9,assets/images/40.jpg,(BERGARANSI) TAS ASTRONOT KUCING ANJING ORIGINAL 1...,(BERGARANSI) Tas Astronot Kucing Anjing ORIGINAL 100% | Tas Transparan | Pet Cargo | Tas Anjing Kucing Murah | Tas Ransel Hewan atau Travel Bag Nyaman dan Anti Air Cat Bag Pet Bag - Tas Kucing Jumbo - Pet Cargo Astronot - Tas Gendong Kucing,mall.png,2
https://down-bs-id.img.susercontent.com/id-11134207-7qul0-lkar1v0wvvzt40.webp,https://shope.ee/5fRWHY6kvr,119000,20%,148.750,2.9,assets/images/20.jpg,ALOBON TAS ASTRONOT KUCING TRANSPARANT TAS RANSEL ...,ALOBON Tas Astronot Kucing Transparant Tas Ransel Travelling Hewan Anjing Pet Cargo Bag,mall.png,2
https://down-bs-id.img.susercontent.com/id-11134207-7r98z-lt3h6jf7mwgp40.webp,https://shope.ee/40JIIXc9MI,83300,30%,119.000,8.1,assets/images/30.jpg,ANTARESTAR OFFICIAL - DAYPACK CARTENZ TAS RANSEL G...,ANTARESTAR Official - Daypack Cartenz Tas Ransel Gunung Outdoor Travel Backpack Terbaru Daypack,mall.png,2
https://down-bs-id.img.susercontent.com/a00c62e2ab4c4e9ce60877d83d69d9c3.webp,https://shope.ee/9UeEqitC3H,29370,40%,48.950,16,assets/images/40.jpg,HANDROSE - TAS WANITA TERBARU / TAS WANITA FASHION...,Handrose - Tas Wanita Terbaru / Tas Wanita Fashion / Tas Ransel Wanita / Tas Gendong Wanita,null.png,
https://down-bs-id.img.susercontent.com/id-11134207-7qukw-li9orbx6ues8d6.webp,https://shope.ee/8UlhewM7NY,77500,30%,110.714,8.8,assets/images/30.jpg,TAS RANSEL WANITA FASHION 8380,Tas Ransel Wanita Fashion 8380,null.png,
https://down-bs-id.img.susercontent.com/id-11134207-7r98w-lmpln4k4x9nj60.webp,https://shope.ee/8UlhezTm4Z,84111,30%,120.159,5.2,assets/images/30.jpg,LULU RANSEL FREE PIN - TWEELYFORBAG - TAS RANSEL W...,Lulu Ransel FREE PIN - Tweelyforbag - Tas Ransel Wanita - Tas Wanita,null.png,
https://down-bs-id.img.susercontent.com/id-11134207-7r98w-lmpln4k4x9nj60.webp,https://shope.ee/30Ql6vnMZc,136500,20%,170.625,8.4,assets/images/20.jpg,TAS RANSEL SKATERS TG002 HIJAU OLIVE CREM,TAS RANSEL SKATERS TG002 HIJAU OLIVE CREM,null.png,
https://down-bs-id.img.susercontent.com/id-11134201-23030-3e8f2ilq8gov85.webp,https://shope.ee/LPzw5IIld,120000,20%,150.000,3.8,assets/images/20.jpg,RANSEL WANITA IMPORT CHIBAO 107#,RANSEL WANITA IMPORT CHIBAO 107#,null.png,
https://down-bs-id.img.susercontent.com/id-11134201-23030-g8jib2dmbsovbe.webp,https://shope.ee/7KZkGyvWJ3,85000,40%,141.667,3.7,assets/images/40.jpg,TAS PANCING RANSEL JUMBO ABU GARCIA WATERPROOF UKU...,Tas Pancing Ransel Jumbo Abu Garcia Waterproof Ukuran 80cm 100cm 120cm,null.png,
https://down-bs-id.img.susercontent.com/id-11134207-7r98p-lt4xyo05rwc953.webp,https://shope.ee/2q7Kuo5YKn,98175,30%,140.250,7.5,assets/images/30.jpg,ERMY - HACHI RANSEL WANITA 2 IN 1,ERMY - Hachi Ransel Wanita 2 in 1,mall.png,2
https://down-bs-id.img.susercontent.com/896d9cb8f4d35f88658ed3214c1017d9.webp,https://shope.ee/9zaVS4G7ew,97500,50%,195.000,41.7,assets/images/50.jpg,BEST SELLER TAS RANSEL KULIT ERVARD - BACKPACK PRE...,BEST SELLER TAS RANSEL KULIT ERVARD - BACKPACK PREMIUM QUALITY - . Tas Punggung Pria & Wanita,null.png,
https://down-bs-id.img.susercontent.com/3e92405efbc45c2e636802d3dff41cb9.webp,https://shope.ee/3L3bVrvc8H,56500,40%,94.167,26.7,assets/images/40.jpg,TASREADY TAS RANSEL WANITA FASHION 865 P504 8343,Tasready Tas Ransel Wanita Fashion 865 P504 8343,null.png,
https://down-bs-id.img.susercontent.com/id-11134207-7r98v-lnmsuupzoqkmf4.webp,https://shope.ee/8pOY41DXBq,167310,30%,239.014,2.9,assets/images/30.jpg,DR.ISLA TAS BAYI MULTIFUNGSI TEMPAT TIDUR LIPAT BA...,Dr.isla Tas Bayi Multifungsi Tempat tidur lipat Baby diapers bag Perawatan tas Perlengkapan Ransel Backpack Canvas Anti Air Lapisan isolasi botol bayi B36,mall.png,2
