https://down-bs-id.img.susercontent.com/id-11134207-7qukw-lj8gzt5x946ic5.webp,https://shope.ee/9exeZRTz95,39.999,40%,66.665,53.1,assets/images/40.jpg,HOODIE ZIPPER BASIC CROP POLOS PREMIUM JACKET CREW...,HOODIE ZIPPER BASIC CROP POLOS PREMIUM Jacket Crewneck Sweater Hoodie Wanita Kekinian Oversize Fashion Outfit Ootd Korean Style Jaket Krunek Suiter Hudie Jicket Crewnek Sweter Hody Cewek Remaja Bahan Fleece Tebal LD 110 PB 45,null.png,0
https://down-bs-id.img.susercontent.com/e617f96dfb9c13695d5d5e9594817b53.webp,https://shope.ee/9pH4m24H5G,85000,30%,121.429,62.7,assets/images/30.jpg,HARU KNIT OVERSIZE SWEATER,Haru Knit Oversize Sweater,null.png,
https://down-bs-id.img.susercontent.com/sg-11134201-23010-mjtphyx0rvlvb5.webp,https://shope.ee/9KKoBNCujP,72107,30%,103.010,29.9,assets/images/30.jpg,HOODIE SWEATER PRIA WANITA DISTRO WARNA ABU PARALO...,Hoodie Sweater Pria Wanita Distro Warna Abu Paralon Hodi Murah Jaket Tebal Authentic Terbaru 2023 Keren Hodie Unisex Switer Hode Denim Sablon List Dont Care Cowok Terpopuler Aesthetic Original Hudi Jumbo Rapture Clothing Hudie Premium Lokal Size M L XLXXl,null.png,
https://down-bs-id.img.susercontent.com/sg-11134201-22120-49kw8jg8k1kvab.webp,https://shope.ee/6zwtPAfm9W,35900,50%,71.800,27.3,assets/images/50.jpg,VALLINA - Z SLING CROP JENNIE SWEATER KOREAN PREMI...,Vallina - Z Sling Crop Jennie Sweater Korean Premium Outerwear Top Remaja Wanita,mall.png,2
https://down-bs-id.img.susercontent.com/sg-11134201-23010-fulp1fzuicmv2e.webp,https://shope.ee/4Kw8E0ab9b,59990,30%,85.700,20.1,assets/images/30.jpg,POLO STRIPES KNIT IMPORT - ATASAN POLO RAJUT WANIT...,Polo Stripes Knit Import - Atasan Polo Rajut Wanita - Korean Polo Knit TM (51047) / striped knit,null.png,
https://down-bs-id.img.susercontent.com/33681b890ff54def4698ab6f68332d55.webp,https://shope.ee/3VN1EoMDI2,35500,40%,59.167,75,assets/images/40.jpg,SWEATER WANITA OVERSIZE | COLLAR GIRL SWEATER KANC...,Sweater Wanita Oversize | Collar Girl Sweater Kancing Polos Kerah | Sweater Size M.L.XL | Korean Style,null.png,
https://down-bs-id.img.susercontent.com/200a7847ea798d2fdae2dba7eadc58b4.webp,https://shope.ee/3VN1EuOSqx,53550,40%,89.250,115.6,assets/images/40.jpg,DIJAKETAN [ COD ] SWITER SWEATER HOODIE PRIA AESTH...,dijaketan [ COD ] Switer Sweater Hoodie Pria aesthetic ANCE STUDIOS Beludru PanasMusim Gugur Berkerudung Dingin Remaja VersiKoreaTren,null.png,
https://down-bs-id.img.susercontent.com/ac36bfe8aab9df24a112d2bcf5fafe7d.webp,https://shope.ee/6ANmPtTgYt,38700,40%,64.500,135.9,assets/images/40.jpg,SWEATER CREWNECK PRIA GOOD TERMURAH /BAHAN FLEECE ...,sweater crewneck pria GOOD termurah /bahan fleece lembut dan tebal,null.png,
https://down-bs-id.img.susercontent.com/sg-11134201-22100-dedzo6a51kivfe.webp,https://shope.ee/8UlhGihtIf,87750,20%,109.688,20.4,assets/images/20.jpg,SWEATER COMFY CREWNECK BASIC POLOS | COMFY CREWNEC...,SWEATER COMFY crewneck basic polos | comfy crewneck | jaket pria knitt,null.png,
https://down-bs-id.img.susercontent.com/sg-11134201-7rblv-louvospd9x4uaf.webp,https://shope.ee/5pkw5vg8mZ,51999,30%,74.284,5.1,assets/images/30.jpg,SWEATER CREWNECK MOTIF M CEWEK COWOK BAHAN TEBAL L...,SWEATER CREWNECK MOTIF M CEWEK COWOK BAHAN TEBAL LEMBUT IMPORT,null.png,
https://down-bs-id.img.susercontent.com/0085cafba016b2d1534c0405c33cadc9.webp,https://shope.ee/7AGJgZwklC,31500,30%,45.000,140.1,assets/images/30.jpg,AFI - EC - RJT SYDNEY FUJI KNIT SWEATER,AFI - EC - RJT Sydney Fuji Knit Sweater,null.png,
https://down-bs-id.img.susercontent.com/sg-11134201-22110-4k7wnl3dwpjv03.webp,https://shope.ee/AUWlenYhdn,31140,40%,51.900,88.9,assets/images/40.jpg,BICA KNIT INNER SWEATER WANITA - PRESS BODY -#STRI...,Bica Knit Inner Sweater wanita - press body -#STRICKHAUS,null.png,
https://down-bs-id.img.susercontent.com/sg-11134201-22110-r8nc2ocj6gjvdb.webp,https://shope.ee/3L3b7i6pmh,27933,40%,46.555,56.8,assets/images/40.jpg,FUZI COMBIE SWEATER THREE COLOUR WANITA BAHAN FLEC...,FUZI COMBIE SWEATER THREE COLOUR WANITA BAHAN FLECEE,star.png,1
https://down-bs-id.img.susercontent.com/id-11134207-7qul8-ljkxqwyxs1sy6e.webp,https://shope.ee/1Az6Xn0TRT,28405,40%,47.342,119.4,assets/images/40.jpg,SWEATER STRIP OVERSIZE CROOPE SWEATER TWOCOLOUR ST...,SWEATER STRIP OVERSIZE CROOPE SWEATER TWOCOLOUR STRIP WANITA,star.png,1
https://down-bs-id.img.susercontent.com/id-11134207-7r991-lqvo1iv6fg2v2e.webp,https://shope.ee/8pOXg07qpU,54600,30%,78.000,8,assets/images/30.jpg,SWEATER POLOS BASIC SWEATER SABLON DINOSAUR LOVE Y...,SWEATER POLOS Basic Sweater SABLON DINOSAUR LOVE YOU!!! ( Sablon Depan ) Size M-XXL ( Pria & Wanita ),mall.png,2
https://down-bs-id.img.susercontent.com/e6aac4cf435627e9ef55a9ec54c1cdaa.webp,https://shope.ee/2q7KX2FsTT,49950,20%,62.438,22.5,assets/images/20.jpg,[ LINGERIE MASTER ] - (T-6) SWEATER WANITA V-NECK ...,[ LINGERIE MASTER ] - (T-6) Sweater Wanita V-neck Gaya Korea All-Match Pakaian Wanita Knit,null.png,
https://down-bs-id.img.susercontent.com/id-11134207-7qula-li6ylqjuo0ir7c.webp,https://shope.ee/4Kw8JuKTCk,34999,20%,43.749,34.9,assets/images/20.jpg,SGF BLOUSE ATASAN LADY SWEATER RUFFLE KNIT,SGF BLOUSE ATASAN LADY SWEATER RUFFLE KNIT,null.png,
https://down-bs-id.img.susercontent.com/id-11134207-7r98z-llc0ndvxjf55da.webp,https://shope.ee/2LB3wImbWI,56736,30%,81.051,32.3,assets/images/30.jpg,ONE SET STRIPE CROOPE SWEATER & JOOY CARGO SWEETPA...,ONE SET STRIPE CROOPE SWEATER & JOOY CARGO SWEETPANTS WANITA,star.png,1
https://down-bs-id.img.susercontent.com/id-11134207-7r98o-ll1qgkgm3rbs6b.webp,https://shope.ee/9exefrVrlJ,59500,30%,85.000,15.3,assets/images/30.jpg,[COD] SWEATER JAKET ZIPPER CROP TOP HOODIE,[COD] Sweater Jaket Zipper Crop Top Hoodie,null.png,
https://down-bs-id.img.susercontent.com/76bc705b70cc9f5a90694568600993eb.webp,https://shope.ee/1LIWkb0W3x,43900,30%,62.714,45.2,assets/images/30.jpg,HOODIE ZIPPER SWEATER WANITA PRIA SIZE XXL JUMBO /...,HOODIE ZIPPER SWEATER WANITA PRIA Size XXL Jumbo / HOODIE POLOS UNISEX / JAKET HOODIE OVERSIZE,null.png,
https://down-bs-id.img.susercontent.com/id-11134207-7r98s-lob1hgowh82b92.webp,https://shope.ee/50Bp7PbX35,33500,40%,55.833,62.1,assets/images/40.jpg,TGL POCKY COMBI OVERSIZE CROP / BASIC OVERSIZE SWE...,TGL Pocky Combi Oversize Crop / Basic Oversize Sweater Korean Style - HARGA SATUAN BUKAN COUPLE - Atasan Wanita Sweater Crop Fleece,star.png,1
https://down-bs-id.img.susercontent.com/id-11134207-7r98z-ll3eh8w40bzw54.webp,https://shope.ee/B6ZMbnVqe,73265,40%,122.108,31.4,assets/images/40.jpg,BUNDLING POCKY SWEATER CROP MIX JOLLY PANTS - PAKA...,Bundling Pocky Sweater Crop mix Jolly Pants - Pakaian Wanita Terbaru Crewneck Combi mix Cargo Pants,star.png,1
https://down-bs-id.img.susercontent.com/id-11134207-7r98u-lr5ybhm1zs5ife.webp,https://shope.ee/6ANmVjX7EZ,50000,30%,71.429,46.9,assets/images/30.jpg,YURIM BLOUSE RUFFLE - ATASAN WANITA - KEMEJA LINEN...,Yurim Blouse Ruffle - Atasan Wanita - Kemeja Linen Basic Lengan Panjang,null.png,
https://down-bs-id.img.susercontent.com/id-11134207-7r98o-lpobujz6ifvy76.webp,https://shope.ee/8zhxt0yRs8,65000,30%,92.857,10.6,assets/images/30.jpg,VERONICA BLOUSE / ATASAN TULLE WANITA TERBARU DENG...,VERONICA BLOUSE / ATASAN TULLE WANITA TERBARU DENGAN MUTIARA,null.png,
https://down-bs-id.img.susercontent.com/id-11134207-7r98w-lmdbsaezhfdwa2.webp,https://shope.ee/4Aci8C69sx,57710,30%,82.443,3.8,assets/images/30.jpg,PROMO BLOUSE SHIMMER PREMIUM | ATASAN WANITA PREMI...,PROMO Blouse shimmer premium | atasan wanita premium | baju wanita terlaris | atasan viral,star.png,1
https://down-bs-id.img.susercontent.com/sg-11134201-23010-k4bl4hhixnmv3f.webp,https://shope.ee/8pOXgoaFz3,51573,30%,73.676,40.8,assets/images/30.jpg,MEISA TUNIK - TUNIK CRINKLE - ATASAN MUSLIM WANITA...,Meisa Tunik - Tunik Crinkle - Atasan Muslim Wanita - Tunik Simple,null.png,
https://down-bs-id.img.susercontent.com/id-11134207-7qukz-lkghlx8wg2hgfc.webp,https://shope.ee/8f57UcGSsU,40035,40%,66.725,36.4,assets/images/40.jpg,ORIMOZA ATASAN BLOUSE RIBBED KNIT CLESY,Orimoza Atasan Blouse Ribbed Knit Clesy,mall.png,2
https://down-bs-id.img.susercontent.com/44a75db3d459789f5fc9ac484bbb5f0b.webp,https://shope.ee/6KhCiNx7xD,44999,30%,64.284,39.4,assets/images/30.jpg,ALENA LONG SLEEVE POLO ATASAN WANITA/ATASAN RAJUT,ALENA LONG SLEEVE POLO ATASAN WANITA/Atasan Rajut,null.png,
https://down-bs-id.img.susercontent.com/id-11134207-7r98r-lsuwbzx0i5vqc4.webp,https://shope.ee/9zaV5AZ5YG,50400,30%,72.000,18.7,assets/images/30.jpg,KEMEJA WANITA BAHAN POLO LINEN LAURA BLOUSE ATASAN...,Kemeja Wanita Bahan Polo Linen Laura Blouse Atasan Wanita Full Kancing Lengan Panjang Fashion Remaja Dewasa,star.png,1
https://down-bs-id.img.susercontent.com/sg-11134201-7qvf2-ljqs2ccijbmfe8.webp,https://shope.ee/9A1O5h1Rnk,64349,30%,91.927,5.2,assets/images/30.jpg,NAJWA- SETELAN WANITA ATASAN OWEN BLOUSE & ROK SPA...,NAJWA- Setelan Wanita Atasan Owen Blouse & Rok Span Panjang Hornet Knit Premium,null.png,
https://down-bs-id.img.susercontent.com/2944a901ebbde7cb64c96ea5fbafff3d.webp,https://shope.ee/7fCaIyfgXf,79694,20%,99.618,8.6,assets/images/20.jpg,?READY?[?BISA COD] #SISJULY# KAOS CROP TOP WANITA ...,?Ready?[?BISA COD] #Sisjuly# Kaos Crop Top Wanita Y2K Top Atasan Lengan Raglan Kontras Sablon Antik Wanita Kaos Pusar dengan Hem Tidak Beraturan,null.png,
https://down-bs-id.img.susercontent.com/f6f9e9c76ce8eb88906adfbb74f6733e.webp,https://shope.ee/AKDLTwlW5D,57420,30%,82.029,25.7,assets/images/30.jpg,SIVALI INNER RAJUT 028 - BAJU WANITA RAJUT LENGAN ...,SIVALI Inner Rajut 028 - Baju Wanita Rajut Lengan Panjang | Turtleneck - Atasan Wanita - Inner Hijab,null.png,
https://down-bs-id.img.susercontent.com/id-11134207-7qul1-lhr0gyg9mfby2b.webp,https://shope.ee/6V0cuygLyw,53772,30%,76.817,9.7,assets/images/30.jpg,MINES RUFFLE BLOUSE - ATASAN BLOUSE WANITA KOREAN ...,Mines Ruffle Blouse - Atasan Blouse Wanita Korean Style,null.png,
https://down-bs-id.img.susercontent.com/id-11134207-7r98t-llvrrr4m4gbv7c.webp,https://shope.ee/6V0cuZzJvc,104850,20%,131.063,2.8,assets/images/20.jpg,HOUCH COD KAOS POLO PRIA PREMIUM KAOS POLO SHIRT P...,Houch COD Kaos POLO Pria Premium Kaos Polo Shirt Pria Kaos Berkerah Dropneedle Knit Knit Premium Stretch Atasan Tangan Pendek Akita Polo Shirt,null.png,
https://down-bs-id.img.susercontent.com/id-11134207-7qul4-ljma0gjp4dega0.webp,https://shope.ee/2VUUBclMdr,61600,30%,88.000,11.2,assets/images/30.jpg,OUTER ORGANZA PREMIUM/BAJU ATASAN WANITA/BAJU PEST...,Outer Organza Premium/Baju Atasan Wanita/Baju Pesta,null.png,
https://down-bs-id.img.susercontent.com/id-11134207-7r98o-lkqgmpa9uqb009.webp,https://shope.ee/7KZjwaI0WO,55000,30%,78.571,29,assets/images/30.jpg,NADA TOP KAOS COMBED 30S OVERSIZED ASYMMETRICAL CO...,NADA TOP KAOS COMBED 30S OVERSIZED ASYMMETRICAL COMFY DAILY ATASAN,null.png,
https://down-bs-id.img.susercontent.com/id-11134207-7r98s-llnpqib24bgc25.webp,https://shope.ee/8zhy2xmajk,49900,30%,71.286,2.7,assets/images/30.jpg,DIRFAY KIDS ATASAN ANAK PEREMPUAN LENGAN PANJANG U...,Dirfay Kids Atasan Anak Perempuan Lengan Panjang Usia 2-9 Tahun,null.png,
https://down-bs-id.img.susercontent.com/id-11134207-23010-khncsux2bqmv9a.webp,https://shope.ee/7pW0euobpY,149111,20%,186.389,39.7,assets/images/20.jpg,JEAN BLOUSE | ATASAN WANITA CASUAL TERLARIS | BLOU...,JEAN BLOUSE | Atasan Wanita Casual Terlaris | Blouse Vintage,null.png,
https://down-bs-id.img.susercontent.com/id-11134207-7r98p-lpacbwf2hetp24.webp,https://shope.ee/2ArdubGYcr,109000,30%,155.714,13.9,assets/images/30.jpg,HIJABCHIC ULYANI STRIPE TOPS - ATASAN MUSLIM STRIP...,HijabChic Ulyani Stripe Tops - Atasan Muslim Stripe Lembut Best Seller Terbaru,mall.png,2
https://down-bs-id.img.susercontent.com/id-11134207-7r98u-ll4w6v99phsn75.webp,https://shope.ee/6ANmg1qiVc,95000,30%,135.714,21.8,assets/images/30.jpg,SIVALI ADELE SHIRT | OVERSIZED LOOSE SHIRT - KEMEJ...,SIVALI Adele Shirt | Oversized Loose Shirt - Kemeja Wanita Atasan Baju Anti Kusut 2128,null.png,
https://down-bs-id.img.susercontent.com/id-11134207-7qul0-li0069fgefhs7c.webp,https://shope.ee/7AGJrvyHrM,63500,30%,90.714,5.2,assets/images/30.jpg,FATIRA RUFFLE BLOUSE - ATASAN RAJUT WANITA MOTIF K...,Fatira Ruffle Blouse - Atasan Rajut Wanita Motif Kriwil Kekinian,null.png,
https://down-bs-id.img.susercontent.com/id-11134207-7qul2-lh8jt57q0v6i41.webp,https://shope.ee/3fgRhYJGeg,79200,30%,113.143,19.2,assets/images/30.jpg,MYBAMUS KINAN PUFF SLEEVE TOPS - BLOUSE LENGAN BAL...,Mybamus Kinan Puff Sleeve Tops - Blouse Lengan Ballon - Atasan Wanita Korean Style,mall.png,2
https://down-bs-id.img.susercontent.com/id-11134207-7qul4-lhp3dbgmgu7odc.webp,https://shope.ee/3L3bJ0A3Kj,59900,30%,85.571,6.1,assets/images/30.jpg,MELDA/FINLAN KEMEJA POLOS ATASAN WANITA KEMEJA OVE...,Melda/finlan Kemeja Polos Atasan Wanita Kemeja Oversize Blouse,null.png,
https://down-bs-id.img.susercontent.com/id-11134207-7qula-lijvncdn3t9pef.webp,https://shope.ee/4VFYhE3nWZ,84000,20%,105.000,3.1,assets/images/20.jpg,MYBAMUS X MANGZILASF LAVIA KEMEJA RUFFLE - KEMEJA ...,Mybamus x Mangzilasf Lavia Kemeja Ruffle - Kemeja Wanita - Atasan Wanita Kekinian - Kemeja Kerja,mall.png,2
https://down-bs-id.img.susercontent.com/1d75fc484001da7f20ab9fb895a21322.webp,https://shope.ee/4AciIhXhvW,65000,40%,108.333,8.3,assets/images/40.jpg,KEYLA KEMEJA WANITA ATASAN WANITA JUMBO PAKAIAN WA...,KEYLA Kemeja Wanita Atasan Wanita Jumbo Pakaian Wanita Over Size S M L XL XXL XXXL 5L,null.png,
https://down-bs-id.img.susercontent.com/id-11134207-7r990-llw7cc0hx41gb3.webp,https://shope.ee/9exeqrgM7S,59000,30%,84.286,3,assets/images/30.jpg,BLOUSE ATASAN BAJU ANAK PEREMPUAN TANGAN PANJANG U...,Blouse Atasan Baju Anak Perempuan Tangan Panjang Usia 1 Tahun-9Tahun,null.png,
https://down-bs-id.img.susercontent.com/id-11134207-7r98o-lks1pi4ridxm62.webp,https://shope.ee/6zwtg221Qh,79900,30%,114.143,8,assets/images/30.jpg,GHAMARA ... DAISY BLOUSE | KOREAN BLOUSE | FLORAL BL...,Ghamara ... DAISY blouse | korean blouse | floral blouse | blouse lebaran | atasan wanita FREE GOODIEBAG,null.png,
https://down-bs-id.img.susercontent.com/sg-11134201-22090-4bynh4jhdzhvde.webp,https://shope.ee/9KKoSMA8WJ,84900,30%,121.286,13.2,assets/images/30.jpg,ATASAN WANITA BLOUSE OVERSIZE ALICE STRIPES FEMONR...,Atasan Wanita Blouse Oversize Alice Stripes Femonritch hijab dan wudhu friendly,null.png,