https://down-bs-id.img.susercontent.com/0507d580af74cbd19fd09b8ced1994d6.webp,https://shope.ee/2fnt72BUUS,4.219,40%,7.032,50.6,assets/images/40.jpg,"""PROMO"" P-CD002 - PRIA-BOXER-002 PAKAIAN DALA...","""PROMO"" P-CD002 - Pria-Boxer-002 Pakaian dalam celana dalam Import Murah New Melar",star.png,1
https://down-bs-id.img.susercontent.com/590c0af399cc3171a76194a837191188.webp,https://shope.ee/9UeDdqyIfE,3.650,40%,6.083,52.3,assets/images/40.jpg,AFI - EC - CELANA DALAM WANITA,AFI - EC - Celana Dalam Wanita,star.png,1
https://down-bs-id.img.susercontent.com/aacc3d53b40a394659cee7bdd9c414fe.webp,https://shope.ee/7zpPrFMRTx,59.500,30%,85.000,26.7,assets/images/30.jpg,CELANA PRIA CHINO SLIM FIT PANJANG KERJA KANT...,CELANA PRIA CHINO Slim fit Panjang Kerja kantor Santai Liburan Cowok Gentleman Boy,null.png,
https://down-bs-id.img.susercontent.com/50fe8f013c97059caeabe40355ae51b9.webp,https://shope.ee/1qEmVxrVQG,4.700,40%,7.833,25.6,assets/images/40.jpg,CD CELANA DALAM WANITA PEREMPUAN GHC DEWASA R...,CD Celana Dalam Wanita Perempuan GHC Dewasa Remaja Katun Jumbo Big size S M L XL XXL 3L XXXL 4L XXXXL 5L 3XL 4XL,null.png,
https://down-bs-id.img.susercontent.com/a7455715a2c4b7abadb87306bf7de7ec.webp,https://shope.ee/3fgQhQvImc,68.200,40%,113.667,25.6,assets/images/40.jpg,CELANA JEAANS WANITA HIGHWAIST KULOT JEANS PI...,celana jeaans wanita Highwaist Kulot Jeans Pinggang yang dapat diisesuaikan,null.png,
https://down-bs-id.img.susercontent.com/id-11134207-7qul1-lk8i2tyivqrndd.webp,https://shope.ee/9A1NFccoRX,30.500,40%,50.833,19.3,assets/images/40.jpg,VIOLET HIGHWAIST LOOSE PANTS KULOT CRINCLE AIRFLOW,VIOLET HIGHWAIST LOOSE PANTS KULOT CRINCLE AIRFLOW,star.png,1
https://down-bs-id.img.susercontent.com/id-11134201-7qukw-lgx9ff1k05f211.webp,https://shope.ee/g2p87F0Px,55.900,30%,79.857,19.4,assets/images/30.jpg,[BISA COD] ORIGINAL CELANA CARGO PANJANG PRIA...,[BISA COD] ORIGINAL Celana Cargo Panjang Pria Dewasa kimpol Size 28--44,null.png,
https://down-bs-id.img.susercontent.com/id-11134207-7qul0-lhrbxprf2250fd.webp,https://shope.ee/VjOvpJdUh,5.700,50%,11.400,20.2,assets/images/50.jpg,HOHO_HWANG (C-28) FASHION WANITA ONE PIECE MU...,HOHO_HWANG (C-28) Fashion wanita One Piece Mulus Es Sutra Celana Gadis CELANA DALAM SEAMLESS,null.png,
https://down-bs-id.img.susercontent.com/id-11134207-7r991-ll8pxgej6sfda4.webp,https://shope.ee/3AkA6pxzjF,11.500,40%,19.167,20.4,assets/images/40.jpg,BOXER PRIA | KOLOR PRIA | BOXER MOTIF DEWASA ...,BOXER PRIA | KOLOR PRIA | BOXER MOTIF DEWASA | KOLOR| CELANA BOXER | CELANA PENDEK PRIA,null.png,
https://down-bs-id.img.susercontent.com/id-11134207-7r98t-lr6vbqmv2v2xbe.webp,https://shope.ee/9zaUFSf5zL,2.900,40%,4.833,21.4,assets/images/40.jpg,CELANA DALAM WANITA PREMIUM QUALITY CD SEAMLE...,Celana Dalam Wanita Premium Quality CD Seamless Halus Tanpa Jahitan Pkaian Dalam Grosir,star.png,1
https://down-bs-id.img.susercontent.com/294663b62daffc65eb18d401360bc2cf.webp,https://shope.ee/10ffWyL0wU,75.900,30%,108.429,21,assets/images/30.jpg,CELANA JEANS PRIA 27 38 BAHAN BAGUS UFC VENUM...,CELANA JEANS PRIA 27 38 Bahan Bagus Ufc Venum Mma Pantai Gym Lari Fitnes Wa Distro Jk KECE HITS Q2R7,null.png,
https://down-bs-id.img.susercontent.com/id-11134207-7r98z-lsmfuveem6nb0e.webp,https://shope.ee/8pOWrQcEzw,32.500,40%,54.167,24.3,assets/images/40.jpg,CELANA JOGER PRIA WANITA PANJANG JOGGER GYM T...,Celana Joger PRIA WANITA panjang Jogger Gym training trening trining terening olahraga | celana Jogger Sweatpants | Celana Joger Sweatpants | CELANA JOGGER PRIA WANITA trening terening training trining,null.png,
https://down-bs-id.img.susercontent.com/sg-11134201-22110-29w6etzzinjv6b.webp,https://shope.ee/40JHVYJgGJ,180.000,20%,225.000,17.3,assets/images/20.jpg,ORO PANTS,ORO PANTS,null.png,
https://down-bs-id.img.susercontent.com/cf521d62884f24e61753c54d8c230709.webp,https://shope.ee/2fntx4oXrR,16.000,40%,26.667,17.2,assets/images/40.jpg,LEGING WANITA DEWASA PANJANG - LEJING WANITA ...,Leging Wanita Dewasa Panjang - Lejing Wanita Tebal - Celana Legging Panjang Wanita Legging Dewasa Leging Polos,star.png,1
https://down-bs-id.img.susercontent.com/id-11134207-7qul2-lgzvppoky1rm32.webp,https://shope.ee/2fntybGMbn,57.900,30%,82.714,17,assets/images/30.jpg,CELANA CUTBRAY BASIC PREMIUM WIDE LEG//CELANA...,CELANA CUTBRAY BASIC PREMIUM WIDE LEG//CELANA KERJA WANITA//CELANA WANITA TERMURAH//CELANA PANJANG CUTBRAY TWILL COMBET PREMIUM,star.png,1
https://down-bs-id.img.susercontent.com/dbbfa521ba72fe163ebed083a8d6ad66.webp,https://shope.ee/9UeE7CTCxE,77.000,20%,96.250,17,assets/images/20.jpg,CELANA JEANS PRIA PANJANG SKINNY SLIM FIT NEV...,Celana Jeans Pria panjang Skinny Slim Fit NEVERLOSE Panjang Melar promo awal tahun 2024,null.png,
https://down-bs-id.img.susercontent.com/f78daaf893433ae474bb035e0b654291.webp,https://shope.ee/40JHZBGmqg,25.000,40%,41.667,74.2,assets/images/40.jpg,CELANA PENDEK HOMMY SANTAI CELANA TIDUR WANIT...,CELANA PENDEK hommy santai celana tidur wanita KALLYOUTFIT,null.png,
https://down-bs-id.img.susercontent.com/92d9aab59985b64b021be5eda008d46c.webp,https://shope.ee/A9tuxLx51p,35.658,30%,50.940,192.5,assets/images/30.jpg,CELANA CHINO CINO PENDEK PRIA DEWASA,CELANA CHINO CINO PENDEK PRIA DEWASA,star.png,1
https://down-bs-id.img.susercontent.com/1cd4857e806ac882d8abb3a149cddedc.webp,https://shope.ee/4Achle3aXw,35.900,40%,59.833,102.1,assets/images/40.jpg,BARU!! CELANA CHINO CINO PENDEK PRIA DEWASA,BARU!! CELANA CHINO CINO PENDEK PRIA DEWASA,null.png,
https://down-bs-id.img.susercontent.com/id-11134207-7qul0-ljxfsqpx9a8y47.webp,https://shope.ee/5fRVYRW896,55.882,40%,93.137,28.3,assets/images/40.jpg,CELANA CHINO PENDEK PRIA CATTON STRETCH SLIMFIT,Celana Chino Pendek Pria Catton Stretch Slimfit,null.png,
https://down-bs-id.img.susercontent.com/id-11134207-7r98v-lsuy4v0znyihfa.webp,https://shope.ee/5V85PFyKMp,39.800,30%,56.857,13.4,assets/images/30.jpg,GLORY BAJU TIDUR WANITA LENGAN PENDEK CELANA ...,Glory Baju Tidur Wanita Lengan Pendek Celana Panjang | Piyama Pajama Import | Baju Tidur Import Set | Piyama Import Set | Piyama Wanita Set,null.png,
https://down-bs-id.img.susercontent.com/id-11134207-7r98v-llt1bd4oozs4ac.webp,https://shope.ee/6V0cY4Hs9G,73.000,20%,91.250,2.1,assets/images/20.jpg,BAJU OLAHRAGA SATU SET PAKAIAN PRIA POLOS SET...,baju olahraga satu set pakaian pria Polos Setelan kaos Leher Bulat+celana pendek loose kasual sport setelan pria dewasa kekinian one set kaos Hitam/putih/abu-abu,mall.png,2
https://down-bs-id.img.susercontent.com/f5d3d4cd66d91e7c98927743fed57b4c.webp,https://shope.ee/9zaUiXU07n,58.000,20%,72.500,12.7,assets/images/20.jpg,BOLLO JUMBO HOTPANTS / CELANA PENDEK WANITA J...,BOLLO JUMBO HOTPANTS / CELANA PENDEK WANITA JEANS BB 100KG,null.png,
https://down-bs-id.img.susercontent.com/01233eeb4996ec24916d6e94223a4667.webp,https://shope.ee/3fgRAxhcyM,39.900,30%,57.000,62.1,assets/images/30.jpg,CAROTYLES CELANA PENDEK KOREA WANITA,CAROTYLES Celana Pendek Korea Wanita,mall.png,2