https://down-bs-id.img.susercontent.com/67a77ac4b6cbab1841f75cd448e514d9.webp,https://shope.ee/2VUXiHqp06,3.799,40%,6.332,752,assets/images/40.jpg,KARPET KAMAR MANDI ANTI LICIN 30X30CM / KESET LANT...,Karpet Kamar Mandi Anti Licin 30x30CM / Keset Lantai Anti Slip Polkadot Dapur Mat Non-Slip,null.png,0
https://down-bs-id.img.susercontent.com/id-11134201-7r992-lqd02891j4ry99.webp,https://shope.ee/7pW44AHMs1,1.012,50%,2.024,136.2,assets/images/50.jpg,STIKER CERMIN DINDING ANTI PECAH TEMPEL PERSEGI RE...,Stiker Cermin Dinding Anti Pecah Tempel Persegi Rectangular 15X15cm Kotak Mirror Wall Decoration Sticker Square PVC Cermin Kaca Tempel Persegi Dekorasi Toilet Kamar Mandi Murah Import,null.png,0
https://down-bs-id.img.susercontent.com/bf540ba146a1d72a070a722001666a18.webp,https://shope.ee/qMJjMTPKl,3.799,40%,6.332,746.8,assets/images/40.jpg,KARPET KAMAR MANDI ANTI LICIN 30X30CM / KESET LANT...,Karpet Kamar Mandi Anti Licin 30x30CM / Keset Lantai Anti Slip Polkadot Dapur Mat Non-Slip,null.png,0
https://down-bs-id.img.susercontent.com/id-11134201-7r992-lpw2np1tw1puf9.webp,https://shope.ee/8f5B3o2m5Q,1.024,50%,2.048,232,assets/images/50.jpg,CERMIN DINDING ANTI PECAH TEMPEL PERSEGI RECTANGUL...,Cermin Dinding Anti Pecah Tempel Persegi Rectangular 15X15cm Kotak Mirror Wall Decoration Sticker Square PVC Cermin Kaca Tempel Persegi Dekorasi Toilet Kamar Mandi Murah,star.png,1
https://down-bs-id.img.susercontent.com/3bd1d2f1761d9b863c3ed16797a8240f.webp,https://shope.ee/6V0gTsED8G,13.500,50%,27.000,218.3,assets/images/50.jpg,KESET KAKI KAMAR MANDI NYERAP AIR ANTI BAKTERI PRE...,Keset Kaki Kamar Mandi Nyerap Air Anti Bakteri Premium Anti Slip Keset Batu Kamar Mandi motif lucu 2.8 RUMAHDESIGN,null.png,0
https://down-bs-id.img.susercontent.com/id-11134207-7r991-lrnstclj0uo653.webp,https://shope.ee/8A8uSykehc,13.300,50%,26.600,127,assets/images/50.jpg,KESET DIATOMITE 3D KOTAK ANTI SLIP KESET KAMAR MAN...,Keset Diatomite 3D Kotak Anti Slip Keset Kamar Mandi Keset Lantai Menyerap Air 3D Karakter,null.png,0
https://down-bs-id.img.susercontent.com/894dce2bd2b061023a1865f08ca3c490.webp,https://shope.ee/LQ38gGFKH,1.786,50%,3.572,95.9,assets/images/50.jpg,SARINGAN WASTAFEL DRAINASE ANTI BAU / SARINGAN WAS...,sARINGAN WASTAFEL DRAINASE ANTI BAU / SARINGAN WASTAFEL KAMAR MANDI DAPUR ANTI KECOA / SARINGAN AFUR ANTI SUMBAT SALURAN,null.png,0
https://down-bs-id.img.susercontent.com/id-11134207-7qul6-lj3mbar2bckqd3.webp,https://shope.ee/3AkEVxqAkC,21.462,30%,30.660,105.3,assets/images/30.jpg,SIKAT DORONG LANTAI D46 ALAT SIKAT TOILET SIKAT GA...,Sikat Dorong Lantai D46 Alat Sikat Toilet Sikat Gagang Kamar Mandi,mall.png,2
https://down-bs-id.img.susercontent.com/id-11134207-7qul6-lfzby4xgtktq5d.webp,https://shope.ee/7AGNHRtmRV,64.900,40%,108.167,25.3,assets/images/40.jpg,GM BEAR SIKAT WC (2 IN 1) 1993 - SIKAT PEMBERSIH T...,GM Bear Sikat WC (2 in 1) 1993 - Sikat Pembersih Toilet Kamar Mandi,mall.png,2
https://down-bs-id.img.susercontent.com/sg-11134201-22100-2wrhftwexsiv87.webp,https://shope.ee/7KZnTnewPR,15.800,40%,26.333,77.3,assets/images/40.jpg,SIKAT LANTAI WIPER 3IN1 PEMBERSIH LANTAI DINDING K...,Sikat Lantai Wiper 3in1 Pembersih Lantai Dinding Kamar Mandi Gagang Panjang Portable Sapu Lancip Model V,null.png,0
https://down-bs-id.img.susercontent.com/122215b4df7d4cffcf2bfea56cf47204.webp,https://shope.ee/qMJjkJZji,2.128,50%,4.256,101.7,assets/images/50.jpg,TEMPAT SIKAT GIGI TEMPEL MOTIF BERUANG / RAK TEMPE...,TEMPAT SIKAT GIGI TEMPEL MOTIF BERUANG / RAK TEMPEL SIKAT GIGI DISPENSER ODOL / RAK KAMAR MANDI WADAH SIKAT GIGI TEMPEL / RAK TEMPEL SERBAGUNA,null.png,0
https://down-bs-id.img.susercontent.com/7a41aeec810e78652db308ddb19817a5.webp,https://shope.ee/AKDP3Mo23G,2.349,50%,4.698,66.2,assets/images/50.jpg,HOLDER BEAR TEMPAT SIKAT GIGI TEMPEL DINDING KAMAR...,Holder Bear Tempat Sikat Gigi Tempel Dinding Kamar Mandi Odol Brush On Sabun Rak Anak Lucu Karakter,star.png,1
https://down-bs-id.img.susercontent.com/2e13829baf686a745efddad7f29f342f.webp,https://shope.ee/7pW44oaL4v,17.900,40%,29.833,31.7,assets/images/40.jpg,RAK TEMPEL DINDING KAMAR MANDI RAK BESI GANTUNG TE...,Rak Tempel Dinding Kamar Mandi Rak Besi Gantung Tempelan Dinding Tanpa Bor,null.png,0
https://down-bs-id.img.susercontent.com/c13adc0255699e8b694df873f275dd8c.webp,https://shope.ee/4Acli8V9TM,21.000,40%,35.000,194.7,assets/images/40.jpg,RAK SUDUT KAMAR MANDI TEMPEL DINDING KERAMIK RAK D...,Rak Sudut Kamar Mandi Tempel Dinding Keramik Rak Dapur Besi Serbaguna Rak Sabun Kamar Mandi Rak Kamar Mandi,null.png,0
https://down-bs-id.img.susercontent.com/sg-11134201-22120-gexqzbna6kkvbf.webp,https://shope.ee/7pW44vKRwR,5.900,50%,11.800,113.8,assets/images/50.jpg,RAK SUDUT SIKU PLASTIK X06 / RAK KAMAR MANDI / RAK...,Rak Sudut Siku Plastik X06 / Rak Kamar Mandi / Rak Sikat Gigi / Dipenser Odol / Sikat Gigi / rak dapur / rak plastik / tempat bumbu / alat dapur / toilet,null.png,0
https://down-bs-id.img.susercontent.com/9455800944d6d50fbe4578885458aef9.webp,https://shope.ee/6fK6gszzow,18.900,40%,31.500,45.8,assets/images/40.jpg,TEMPAT TISSUE TOILET D51 KOTAK TISU WC TEMPEL TISS...,Tempat Tissue Toilet D51 Kotak Tisu WC Tempel Tissue Box Kamar Mandi,mall.png,2
https://down-bs-id.img.susercontent.com/id-11134201-7r990-lq75hm5gpfyebe.webp,https://shope.ee/2fnxvTLJA6,3.788,50%,7.576,22.5,assets/images/50.jpg,SARINGAN PEMBUANGAN WESTAFEL DAPUR PENUTUP LUBANG ...,Saringan Pembuangan Westafel Dapur Penutup Lubang Saluran Air Kamar Mandi Anti Serangga & Bau Floor Drain Core Silicone Tahan Bau,null.png,0
https://down-bs-id.img.susercontent.com/id-11134207-7r98u-ln2jtzzhn3y93b.webp,https://shope.ee/4psSVaIYi4,65.800,30%,94.000,19.8,assets/images/30.jpg,3IN 1 KEPALA SHOWER SET MANDI HITAM PREMIUM SHOWER...,3In 1 Kepala Shower Set Mandi Hitam Premium Shower Head Set 5 Mode Adjustable Shower Dengan Selang Portable Kamar Mandi Shower Set,null.png,0
https://down-bs-id.img.susercontent.com/sg-11134201-22100-0qkilrz0e2iv04.webp,https://shope.ee/4VFc70Ncrg,16.800,40%,28.000,79.8,assets/images/40.jpg,KESET KAKI ANTI SLIP BAHAN MEMORY FOAM KESET KAMAR...,Keset Kaki Anti Slip Bahan Memory Foam Keset Kamar Mandi Serap Air Menyerap Karpet Kesed Polos Batu,null.png,0
https://down-bs-id.img.susercontent.com/sg-11134201-23020-ofbtwrq63zmvf2.webp,https://shope.ee/5AVIuGos7G,19.390,40%,32.317,55.9,assets/images/40.jpg,KESET DIATOMITE KAMAR MANDI KESET LANTAI KAKI BUND...,Keset Diatomite Kamar Mandi Keset Lantai Kaki Bundar Batu Anti Slip Karet HRD325,mall.png,2
https://down-bs-id.img.susercontent.com/55370166368e9985e864726eb9c75027.webp,https://shope.ee/7pW45EYdTq,14.540,40%,24.233,173.4,assets/images/40.jpg,KESET KAMAR MANDI DIATOMITE KARET MENYERAP AIR CEP...,Keset Kamar Mandi Diatomite Karet Menyerap Air Cepat Kering Keset Kaki Gulung Toilet HRD327,mall.png,2
https://down-bs-id.img.susercontent.com/sg-11134201-22110-8i3yb3rhqcjvba.webp,https://shope.ee/40JLWDdcba,3.950,40%,6.583,68.7,assets/images/40.jpg,ALAS KAMAR MANDI ANTI SLIP ALAS KANDANG KUCING KAR...,Alas Kamar Mandi Anti Slip Alas Kandang Kucing Karpet Kamar Mandi Anti Licin,null.png,0
https://down-bs-id.img.susercontent.com/id-11134207-7r991-lpiqxb6zo6np9f.webp,https://shope.ee/g2tYC1DyD,27.600,30%,39.429,25.2,assets/images/30.jpg,TEBAL!!!TIRAI KAMAR MANDI ANTI AIR BAHAN PEVA SUDA...,Tebal!!!Tirai kamar mandi anti air bahan PEVA sudah dilengkapi dengan pengait/Curtain Shower waterproof,null.png,0
https://down-bs-id.img.susercontent.com/b8820c47ef0e39f9b467d235bc21248d.webp,https://shope.ee/9A1Rfq7vCJ,7.500,50%,15.000,129.2,assets/images/50.jpg,TIRAI KAMAR MANDI / SHOWER CURTAIN GORDEN KAMAR MA...,Tirai Kamar Mandi / Shower Curtain Gorden Kamar Mandi Grade B,null.png,0
https://down-bs-id.img.susercontent.com/a5376329508cb36835556b62c46109ca.webp,https://shope.ee/6KhGIh8ZG6,23.900,30%,34.143,69.1,assets/images/30.jpg,ANGOLA SANDAL SLIP-ON CUTEBEAR H08 SENDAL RUMAH/KA...,Angola Sandal Slip-On CuteBear H08 Sendal Rumah/Kamar Mandi Slipper Strap Comfy Cowok Cewek,mall.png,2
https://down-bs-id.img.susercontent.com/id-11134207-7r98o-lt4npux53neue4.webp,https://shope.ee/8KSKgPzXGy,29.900,30%,42.714,32.3,assets/images/30.jpg,MINISO SANDAL PRIA SANDAL WANITA SENDAL BATH SLIPP...,MINISO Sandal Pria Sandal Wanita Sendal Bath Slippers Sandal Kamar Mandi Sandal Karet Pria Bahan EVA Solnya Empuk Super Anti Selip,mall.png,2
https://down-bs-id.img.susercontent.com/64fbc04a7235844f60aa2c260e1aa779.webp,https://shope.ee/4Aclio5O1m,11.869,30%,16.956,18.5,assets/images/30.jpg,PENUTUP LUBANG PEMBUANGAN AIR COVER FILTER AIR || ...,Penutup Lubang Pembuangan Air Cover Filter Air || Perlengkapan Kamar Mandi Barang Unik Murah Lucu - SJ226,null.png,0
https://down-bs-id.img.susercontent.com/f68e3a6026e2298b6a5c6b163832713c.webp,https://shope.ee/50BsiNWCj5,55.000,20%,68.750,45.1,assets/images/20.jpg,PAKET SHOWER KAMAR MANDI DAN KRAN SHOWER CABANG - ...,Paket Shower Kamar Mandi dan Kran Shower Cabang - 1/2 Inch Stainless 5 Mode Fungsi,null.png,0
https://down-bs-id.img.susercontent.com/2245155a7b001e93ae13a43d5cce7b79.webp,https://shope.ee/B6cxaLqpp,6.790,50%,13.580,54,assets/images/50.jpg,SPONGE MANDI / SHOWER PUFF / SPONGE BUSA BAGUS /SP...,Sponge mandi / Shower Puff / Sponge Busa Bagus /Spons Mandi Pendek,mall.png,2
https://down-bs-id.img.susercontent.com/b3de66940283cf3ccb2c6edf1e0fa765.webp,https://shope.ee/AKDP4Jhw48,4.272,50%,8.544,44,assets/images/50.jpg,SIKAT MANDI SILIKON C283 SIKAT KEPALA KERAMAS SHOW...,sikat Mandi Silikon C283 Sikat Kepala Keramas Shower Brush / Spons Mandi Sisir Keramas,null.png,0
https://down-bs-id.img.susercontent.com/sg-11134201-7qvg6-lh35v4dcfmn84f.webp,https://shope.ee/7AGNIZ1AsT,4.306,50%,8.612,44,assets/images/50.jpg,SIKAT MANDI DUA SISI SPON DAN JARING LEMBUT GAGANG...,sIKAT MANDI DUA SISI SPON DAN JARING LEMBUT GAGANG PANJANG 2IN1 / TONGKAT SIKAT GOSOK PEMBERSIH PUNGGUNG MANDI 2 SISI / SHOWER PUFF,null.png,0
https://down-bs-id.img.susercontent.com/id-11134207-7r98u-ln2jtzzhn3y93b.webp,https://shope.ee/LQ3A3H2WL,65.800,20%,82.250,33,assets/images/20.jpg,3IN 1 KEPALA SHOWER SET MANDI HITAM PREMIUM SHOWER...,3In 1 Kepala Shower Set Mandi Hitam Premium Shower Head Set 5 Mode Adjustable Shower Dengan Selang Portable Kamar Mandi Shower Set,star.png,1
https://down-bs-id.img.susercontent.com/id-11134207-7r98q-lm1fjxv5wl1q67.webp,https://shope.ee/B6cxnL8YW,30.000,30%,42.857,23,assets/images/30.jpg,KEPALA SHOWER TURBO BERTEKANAN TINGGI SHOWER ADJUS...,Kepala Shower Turbo Bertekanan Tinggi Shower Adjustable Massage,null.png,0
https://down-bs-id.img.susercontent.com/fe42da1b62a8610310cb23717b8f55c5.webp,https://shope.ee/3L3ejePfNv,5.287,50%,10.574,22,assets/images/50.jpg,SIKAT PUNGGUNG SILIKON SHOWER PUFF SPONS BATH MAND...,Sikat Punggung Silikon Shower Puff Spons Bath Mandi Scrub Alat Gosok Badan Scrubber Silicone,null.png,0
https://down-bs-id.img.susercontent.com/sg-11134201-22120-n53iwhhy4qkv4e.webp,https://shope.ee/7fCdthBkwC,3.114,50%,6.228,28,assets/images/50.jpg,SPONGE PEMBERSIH BADAN 2 SISI WARNA / SPONS BOLA M...,Sponge Pembersih Badan 2 Sisi Warna / Spons Bola Mandi / Sponge Jaring / Spons Mandi Jaring / Shower Puff,star.png,1
https://down-bs-id.img.susercontent.com/097e8d05b525c3948eb7581ddaae3bed.webp,https://shope.ee/5AVIv8KSv8,4.389,50%,8.778,23,assets/images/50.jpg,SIKAT PUNGGUNG + SHOWER PUFF 2IN1 / ALAT BANTU PEM...,Sikat Punggung + Shower Puff 2in1 / Alat Bantu Pembersih Penggosok Badan 2 Sisi / Body Brush + Spons Double Side Long Handle / Tongkat Mandi Gagang Panjang Serbaguna Sponge Spon Busa Sabun,null.png,0
