https://down-bs-id.img.susercontent.com/id-11134207-7r990-lrfeahibqod5e5.webp,https://shope.ee/5pkzLmxkZB,37.500,20%,46.875,80.7,assets/images/20.jpg,2 IN 1 KITCHEN FLOOR MAT SET / KESET ALAS LANTAI K...,2 in 1 Kitchen Floor Mat SET / Keset Alas Lantai Kamar Tidur Rumah Dapur Kamar Mandi Anti Selip,null.png,0
https://down-bs-id.img.susercontent.com/id-11134207-7r98v-lmse49ufozz855.webp,https://shope.ee/7zpTvr4wYF,6.900,40%,11.500,40.4,assets/images/40.jpg,MIISOO TALENAN PISAU SET 3 IN 1 PENGUPAS PEMOTONG ...,MIISOO Talenan Pisau Set 3 In 1 Pengupas Pemotong Buah Sayur Dapur Serbaguna Knife Peeler Fruit,mall.png,2
https://down-bs-id.img.susercontent.com/60e2484a0b1545a6f308654b5cf0d3c6.webp,https://shope.ee/1LIZzfBNos,21.500,30%,30.714,125.4,assets/images/30.jpg,BRIGHT CROWN KITCHEN KNIFE SET STAINLESS STEEL / P...,Bright Crown Kitchen Knife Set Stainless Steel / Pisau Dapur Set 6 in 1 Bahan Stainless Steel PREMIUM,mall.png,2
https://down-bs-id.img.susercontent.com/id-11134207-7qukx-lkg9rg91go1i52.webp,https://shope.ee/LQ2nsnAyV,32.000,50%,64.000,6.4,assets/images/50.jpg,JIELIDA PISAU SET LENGKAP / PISAU DAPUR SET 6 IN 1...,JieLiDa Pisau set lengkap / Pisau Dapur Set 6 in 1 Bahan Stainless Steel / Great Ceramic Knife Set pisau corak,null.png,0
https://down-bs-id.img.susercontent.com/70104f79871f7157401456ad7cf16ae6.webp,https://shope.ee/2LB7BbrY82,6.920,50%,13.840,111.2,assets/images/50.jpg,PISAU SET TALENAN 3IN1 STAINLESS PISAU PENGUPAS BU...,PISAU SET TALENAN 3IN1 STAINLESS PISAU PENGUPAS BUAH SAYUR DAPUR KNIFE PEELER FRUIT CHOPPING BOARD,null.png,0
https://down-bs-id.img.susercontent.com/id-11134207-7r98t-lnr31mx5bdfe51.webp,https://shope.ee/8pOavddmHF,85.000,30%,121.429,15.1,assets/images/30.jpg,CANGKIR TEKO KERAMIK PIRING LEPEK TATAKAN KECIL MI...,Cangkir Teko Keramik Piring Lepek Tatakan Kecil Mini Set 6 in 1 Tea Cup Teh Kopi Minum Dapur Hampers Hadiah Gift Box Kado Ulang Tahun Ultah Hantaran Wedding Nikahan Pernikahan Birthday Lahiran Kumpul Arisan Souvenir Murah Mewah Ceramic European Premium,null.png,0
https://down-bs-id.img.susercontent.com/id-11134207-7r98x-lsge9svrmph56f.webp,https://shope.ee/2LB7BjaqNR,98.000,20%,122.500,17.5,assets/images/20.jpg,LETYEAH PISAU DAPUR SET ISI 7PCS/KITCHEN KNIFE SET...,LetYeah Pisau Dapur Set isi 7pcs/Kitchen Knife Set Hitam,mall.png,2
https://down-bs-id.img.susercontent.com/id-11134207-7r990-ltb6j1nrn5jhc0.webp,https://shope.ee/4AclR3NZBD,148.000,20%,185.000,3.9,assets/images/20.jpg,MECOO MOST AESTHETIC 3 IN 1 ANTIBACTERIAL PISAU SE...,Mecoo Most Aesthetic 3 in 1 Antibacterial Pisau Set Knife Set Pisau Dapur Anti Lengket Titanium Rose Gold / Pisau Dapur Serbaguna isi 3 pcs Nonstick / Kado Pernikahan,mall.png,2
https://down-bs-id.img.susercontent.com/id-11134207-7r98t-lsxnwivg2rbh1a.webp,https://shope.ee/2q7Nqds5xZ,12.888,50%,25.776,6.9,assets/images/50.jpg,SET PISAU 2IN1 ISI PISAU KECIL PEELER PENGUPAS BUA...,Set Pisau 2in1 Isi Pisau Kecil Peeler Pengupas Buah / PISAU DAPUR KECIL,null.png,0
https://down-bs-id.img.susercontent.com/b84e295967047832d6a0c24e80178e8b.webp,https://shope.ee/AKDOmVRr2R,20.500,30%,29.286,18.7,assets/images/30.jpg,MINISO KOTAK MAKAN 4 BUAH 160ML / 260ML X4 TEMPAT ...,MINISO Kotak Makan 4 Buah 160ml / 260ml x4 Tempat Warna-warni Kotak Penyimpanan Makanan BPA Free Dapur Kulkas Food Storage Container 4 Pcs Set,mall.png,2
https://down-bs-id.img.susercontent.com/id-11134207-7r98v-loe4ljllrytj4e.webp,https://shope.ee/B6cfsKwfh,509.000,10%,565.556,2,assets/images/10.jpg,FREEMIR SET 5 PCS WAJAN PANCI GRANIT 26/20/20 CM A...,freemir Set 5 Pcs Wajan Panci Granit 26/20/20 Cm Anti Lengket Tutup Kaca Gagang Kayu Set Alat Masak Dapur Jumbo Lengkap Modern Serbaguna Multifungsi,mall.png,2
https://down-bs-id.img.susercontent.com/sg-11134201-22090-4fdezrml9rhv10.webp,https://shope.ee/7KZnD6RiVj,23.800,30%,34.000,88.6,assets/images/30.jpg,PISAU DAPUR SET STAINLESS KNIFE ANTI LENGKET ISI 6...,Pisau Dapur Set Stainless Knife Anti Lengket Isi 6 Pcs / Peralatan Masak Pisau,null.png,0
https://down-bs-id.img.susercontent.com/id-11134207-7r98w-llh5eb7lwhbf67.webp,https://shope.ee/4VFbpwJYTC,47.000,30%,67.143,10.5,assets/images/30.jpg,PISAU SET 6 IN 1 KERAMIK/PISAU SET DAPUR/PISAU POT...,Pisau Set 6 in 1 Keramik/pisau set dapur/pisau potong+tempat pisau,null.png,0
https://down-bs-id.img.susercontent.com/ed75e5be058cca0db171bef95cb0df54.webp,https://shope.ee/40JLF4XaDo,59.000,30%,84.286,17.2,assets/images/30.jpg,PISAU SET LENGKAP / PISAU DAPUR SET 7 IN 1 BAHAN S...,Pisau set lengkap / Pisau Dapur Set 7 in 1 Bahan Stainless Steel / Talenan / Great Ceramic Knife Set(Warna talenan acak),mall.png,2
https://down-bs-id.img.susercontent.com/id-11134207-7qul1-ljp2ymw2u0zjc4.webp,https://shope.ee/6zwwodGYDx,49.900,40%,83.167,5,assets/images/40.jpg,GM BEAR PISAU DAPUR DIAMOND SET (4 IN 1) 1526 - PI...,GM Bear Pisau Dapur Diamond Set (4 in 1) 1526 - Pink Diamond Knife Set,mall.png,2
https://down-bs-id.img.susercontent.com/id-11134207-7r98x-ls2j5nsp3qf104.webp,https://shope.ee/B6cg9nTx8,27.000,50%,54.000,10.5,assets/images/50.jpg,HONGZHUO PISAU DAPUR SET 6 IN 1 / KITCHEN KNIFE SE...,Hongzhuo Pisau Dapur Set 6 in 1 / Kitchen Knife Set 6 in 1 Dengan Wadah Berkualitas,mall.png,2
https://down-bs-id.img.susercontent.com/3f438501d58a123eeb555fd2132c3445.webp,https://shope.ee/3L3eS2VPYx,48.000,20%,60.000,51.4,assets/images/20.jpg,BRIGHT CROWN PISAU DAPUR SET 6 IN 1 / KITCHEN KNIF...,Bright Crown Pisau Dapur Set 6 in 1 / Kitchen Knife Set 6 in 1 Dengan Wadah Berkualitas,mall.png,2
https://down-bs-id.img.susercontent.com/sg-11134201-22120-wswgtl8z5llvff.webp,https://shope.ee/8zi1CU8tS6,17.900,30%,25.571,9.6,assets/images/30.jpg,FOOD GRADE WOODEN SILICONE SPATULA TURNER BRUSH WH...,Food Grade Wooden Silicone Spatula Turner Brush Whisk Spoon Multi Color - Gray Sutil / Sodet Tevlon Pancake Silicon Silikon Masak Perlengkapan Dapur Kitchen Set Abu Abu Gagang Kayu,mall.png,2
https://down-bs-id.img.susercontent.com/id-11134207-7r98v-ll4hw6ie8uoc02.webp,https://shope.ee/5AVIdUMPci,79.800,20%,99.750,1.2,assets/images/20.jpg,KUMADA SILIKON SEKOP SPATULA 12 BUAH SET NON-STICK...,KUMADA Silikon Sekop Spatula 12 Buah Set Non-stick Pan Khusus Rumah Tangga Memasak Spatula Sendok Sup Sekop Anti Bocor Food Grade Tahan Suhu Tinggi Peralatan...Dapur...Set,null.png,0
https://down-bs-id.img.susercontent.com/876eabdd2fc792ab5ed7170d2d2f9981.webp,https://shope.ee/8A8uD2aNM4,4.998,30%,7.140,60.1,assets/images/30.jpg,TOPLES TEMPAT BUMBU DAPUR 200ML SET AESTHETIC FREE...,toples Tempat Bumbu Dapur 200ml Set Aesthetic Free Sendok Label Waterproof,null.png,0
https://down-bs-id.img.susercontent.com/sg-11134201-22100-w6bs3ar5z6iv91.webp,https://shope.ee/30Qo3t35lO,36.800,30%,52.571,85,assets/images/30.jpg,RAK GALON U MODEL U KRAN AIR MINUM RACK AQUA SET P...,Rak Galon U Model U Kran Air Minum Rack Aqua Set Penyangga Minuman Kaki Galon Besi + Kran Galon Food Grade Dudukan Menja Model U,null.png,0
https://down-bs-id.img.susercontent.com/id-11134207-7r98v-lmse49ufozz855.webp,https://shope.ee/1Vc0HAlf1X,6.900,50%,13.800,62,assets/images/50.jpg,MIISOO TALENAN PISAU SET 3 IN 1 PENGUPAS PEMOTONG ...,MIISOO Talenan Pisau Set 3 In 1 Pengupas Pemotong Buah Sayur Dapur Serbaguna Knife Peeler Fruit,mall.png,2
https://down-bs-id.img.susercontent.com/5a19ed7be2c71ba241712e8fe49b7436.webp,https://shope.ee/3fgUrFoFxw,12.750,20%,15.938,73,assets/images/20.jpg,WALLPAPER STIKER LEMARI STICKER MEJA KAYU KITCHEN ...,Wallpaper Stiker Lemari Sticker Meja Kayu Kitchen Set Dinding Dapur Putih Gloss Glossy dan Motif Serat Kayu Ukuran Lebar 122Cm,null.png,0
https://down-bs-id.img.susercontent.com/id-11134207-7r98u-lr6e2lb63bqs60.webp,https://shope.ee/6ANppuYrSN,17.500,50%,35.000,54,assets/images/50.jpg,[ISI 12] CETAKAN KUE ULIR SET PLASTIK 7 CM / CETAK...,[Isi 12] Cetakan Kue Ulir Set Plastik 7 cm / Cetakan Pudding Puding Agar Jelly Jelli Jeli Ulir Set / Cetakan Putu Ayu / Cetakan Bolu Ulir / Cetakan Kue Ulir Spiral Viral / Cetakan Bolu Sultan Import,null.png,0
https://down-bs-id.img.susercontent.com/a23d90b909d5bf82012aee5ec879de6d.webp,https://shope.ee/3pzv3fXayB,37.499,30%,53.570,54,assets/images/30.jpg,KESET DAPUR 2 IN 1 MEMORY FOAM MAT SET KAMAR MANDI...,Keset Dapur 2 in 1 Memory Foam Mat Set Kamar Mandi Foam Serap Air Anti Selip Motif Karpet Serba Guna Matras Nyaman Trand,null.png,0
https://down-bs-id.img.susercontent.com/5a4610d5d578dcac5f4a5f4d023eb2a0.webp,https://shope.ee/AUWozwlLAz,17.500,40%,29.167,51,assets/images/40.jpg,MIISOO LUNCH BOX SET KOTAK BEKAL MAKAN JERAMI GAND...,Miisoo Lunch Box Set Kotak Bekal Makan Jerami Gandum kotak makan Anti Tumpah Free Sendok dan Garpu-live,mall.png,2
https://down-bs-id.img.susercontent.com/id-11134207-7r98o-lkyu0kcj8lbjf1.webp,https://shope.ee/4KwBef38Ve,69.900,30%,99.857,50,assets/images/30.jpg,[ CALISTA ] FOOD CONTAINER TOPLES PLASTIK CALISTA ...,[ CALISTA ] FOOD CONTAINER TOPLES PLASTIK CALISTA OITA SET ISI 20PCS TEMPAT PENYIMPANAN MAKANAN DI KULKAS FOOD PREP STORAGE PREPARATION SET,null.png,0
https://down-bs-id.img.susercontent.com/id-11134207-7r98o-lkkzo4kj70vjf7.webp,https://shope.ee/6ANpq4UcE0,29.500,10%,32.778,17,assets/images/10.jpg,TOPLES CALISTA OITA PREMIUM SET 10PCS FOOD CONTAIN...,Toples Calista Oita Premium Set 10Pcs Food Container,null.png,0
https://down-bs-id.img.susercontent.com/3f06efb3629ec907e367cea157a05d5b.webp,https://shope.ee/7KZnESOiky,36.800,40%,61.333,44,assets/images/40.jpg,CALISTA OITA TOPLES SET ISI 10PCS,Calista Oita Toples Set isi 10pcs,mall.png,2
https://down-bs-id.img.susercontent.com/id-11134207-7r98t-lt135br1qvqse0.webp,https://shope.ee/AUWp0JFyyH,29.900,30%,42.714,44,assets/images/30.jpg,TOPLES KUE KERING NASTAR SNACK LEBARAN SET ISI 3. ...,Toples Kue Kering Nastar Snack Lebaran Set Isi 3. Isi 5. Isi 6 Pcs + Nampan - Hampers Food Grade,null.png,0
https://down-bs-id.img.susercontent.com/id-11134201-7quky-lesa29n0ik9t37.webp,https://shope.ee/4psSFxILAE,115.000,20%,143.750,36,assets/images/20.jpg,HUGO TOPLES KACA SET 4 PCS TOPLES KUE KEDAP UDARA ...,HUGO Toples Kaca Set 4 Pcs Toples Kue Kedap Udara Tutup Warna Rose Gold Premium Quality,null.png,0
https://down-bs-id.img.susercontent.com/sg-11134201-7rceu-lss4mprjrnuz5e.webp,https://shope.ee/4VFbrNewBi,54.500,30%,77.857,26,assets/images/30.jpg,PANCI MPASI SET BAYI 4 IN 1 / KUKUSAN GRANIT WAJAN...,Panci Mpasi Set Bayi 4 IN 1 / Kukusan Granit Wajan Keramik Food Grade AMAN UNTUK MPASI,null.png,0
https://down-bs-id.img.susercontent.com/id-11134201-23020-9z7go5jow3nvf2.webp,https://shope.ee/3VN4fb7rVz,39.900,30%,57.000,27,assets/images/30.jpg,TOPLES SET PENYIMPANAN MAKANAN SAJI DENGAN NAMPAN ...,Toples Set Penyimpanan Makanan Saji Dengan Nampan Tempat Cemilan Toples Snack Tray Kue Storage Jar With Tray HSB663,mall.png,2
https://down-bs-id.img.susercontent.com/id-11134207-7r992-ls9c6e503ex2ca.webp,https://shope.ee/4KwBfACkYk,135.000,20%,168.750,28,assets/images/20.jpg,BRIGHT CROWN 12IN1 PANCI STEAMER SET STAINLESS ISI...,Bright Crown 12in1 Panci Steamer Set Stainless isi 5 pcs + 2pcs Kukusan Panci Bahan Tebal PREMIUM,mall.png,2
https://down-bs-id.img.susercontent.com/fecb6744929c77ea863cc99604879932.webp,https://shope.ee/9exi133UKw,5.999,50%,11.998,33,assets/images/50.jpg,SPATULA SET 6PC 6PCS 6 PC PCS SODET SUTIL SARINGAN...,Spatula Set 6pc 6pcs 6 pc pcs Sodet Sutil Saringan Centong 6 in 1 6in1 Alat Goreng,null.png,0
https://down-bs-id.img.susercontent.com/sg-11134201-22100-2kuj26og5sivc7.webp,https://shope.ee/LQ2txSbX4,15.278,30%,21.826,23,assets/images/30.jpg,LUNCH BOX / KOTAK BEKAL MAKAN SIANG / BENTO SET 70...,Lunch Box / Kotak Bekal Makan Siang / Bento Set 700ml / Kotak Makan,null.png,0
