https://down-bs-id.img.susercontent.com/sg-11134201-22110-46vf7s12qikvb3.webp,https://shope.ee/AKDPFzt3fE,37.000,40%,61.667,34,assets/images/40.jpg,TAFFLED LAMPU HIAS TAMAN TANGGA SUDUT JALAN ATAP T...,Taffled Lampu Hias Taman Tangga Sudut Jalan Atap Tenaga Surya Panel Solar Cell,null.png,0
https://down-bs-id.img.susercontent.com/15a70b97c1d303d42d49cde4b0a70cc0.webp,https://shope.ee/8KSKsRt2a9,20.999,30%,29.999,40.7,assets/images/30.jpg,LED HALAMAN LAMPU SPOTLIGHT 5W TERAS OUTDOOR TAMAN...,LED Halaman Lampu Spotlight 5W Teras Outdoor Taman Sorot Tancap Spot Garden Park Light Lamp 5 Watt,null.png,0
https://down-bs-id.img.susercontent.com/sg-11134201-7r9bv-llm1s0b1d42i99.webp,https://shope.ee/10fk90Fc4B,44.500,40%,74.167,85.4,assets/images/40.jpg,LAMPU SOROT LED 20W 30W 50W 100W 200W IP66 WATERPR...,LAMPU SOROT LED 20W 30W 50W 100W 200W IP66 WATERPROOF / LAMPU TAMAN LED FLOOD LIGHT / LAMPU TEMBAK OUTDOOR,star.png,1
https://down-bs-id.img.susercontent.com/id-11134207-7r98v-lonrh836hnjvad.webp,https://shope.ee/6V0gh9G8mG,80.000,30%,114.286,56.2,assets/images/30.jpg,LAMPU SOROT LED 10W 20W 30W 50W 100W 200W / OUTDOO...,Lampu Sorot LED 10W 20W 30W 50W 100W 200W / Outdoor / Tembak / Panggung / Lapangan / Taman,null.png,0
https://down-bs-id.img.susercontent.com/sg-11134201-7rbk0-lkqmkrgarsdiff.webp,https://shope.ee/LQ3LrBnfv,34.999,30%,49.999,31.7,assets/images/30.jpg,[COD] 4/6/8/10/12/16 LED LAMPU TAMAN TENAGA SURYA ...,[cOD] 4/6/8/10/12/16 LED Lampu Taman Tenaga Surya COB Sensor Light LED Solar Lamp / Halaman Taman / Pencahayaan Taman,null.png,0
https://down-bs-id.img.susercontent.com/sg-11134201-22110-rbfobvwscujv08.webp,https://shope.ee/7UtDt5a6O8,39.700,40%,66.167,17.7,assets/images/40.jpg,LAMPU DINDING TAMAN OUTDOOR COB / LED WALL LIGHT M...,Lampu Dinding Taman Outdoor COB / LED Wall Light Minimalis 2W 3W 4W 6W,null.png,0
https://down-bs-id.img.susercontent.com/sg-11134201-23010-qkcnkq0qnhmv0f.webp,https://shope.ee/AUWpSdoTh2,21.200,50%,42.400,11.6,assets/images/50.jpg,LAMPU TAMAN TANCAP TENAGA SURYA LED ENERGI SOLAR P...,LAMPU TAMAN TANCAP TENAGA SURYA LED ENERGI SOLAR PANEL LAMPU TAMAN HIAS TENAGA MATAHARI Warm white,null.png,0
https://down-bs-id.img.susercontent.com/id-11134201-7r992-lrt8g5halse7b9.webp,https://shope.ee/4VFcJeEdVp,5.900,50%,11.800,8.7,assets/images/50.jpg,[MINIATUR] LAMPU JALAN TAMAN MAKET DIOARAMA TERRAR...,[Miniatur] Lampu Jalan Taman Maket Dioarama Terrarium - MNOO30,star.png,1
https://down-bs-id.img.susercontent.com/d8450dab7cbb4cfbed8e5c8fa5317780.webp,https://shope.ee/6V0glrq2Zm,18.400,50%,36.800,34.2,assets/images/50.jpg,LAMPU TAMAN SOLAR TENAGA SURYA LAMPU TAMAN TANCAP ...,Lampu Taman Solar Tenaga Surya Lampu Taman Tancap Garden Lamp KOTAK 01,null.png,0
https://down-bs-id.img.susercontent.com/5eef7747e0b5868b2b7d61dc67f1b1c8.webp,https://shope.ee/LQ3M4xYGp,48.300,40%,80.500,24.6,assets/images/40.jpg,LAMPU TENAGA SURYA OUTDOOR IP69 180 WATT - LAMPU J...,LAMPU TENAGA SURYA OUTDOOR IP69 180 WATT - LAMPU JALAN PAGAR DAN TAMAN,null.png,0
https://down-bs-id.img.susercontent.com/f4b4dd604a3b11e45331e8c4b6d5a88e.webp,https://shope.ee/9A1RsM6q25,23.900,50%,47.800,29.2,assets/images/50.jpg,LAMPU SOLAR CELL 100 LED LAMPU TAMAN QUTDOOR 100 L...,LAMPU SOLAR CELL 100 LED LAMPU TAMAN QUTDOOR 100 LED,null.png,0
https://down-bs-id.img.susercontent.com/0c95045fd7645d09ece595f38bedb1d0.webp,https://shope.ee/9KKs4hEGQq,55.000,10%,61.111,15.9,assets/images/10.jpg,LAMPU HIAS DINDING TIANG TERAS TAMAN CAFE,lampu hias dinding tiang teras taman cafe,star.png,1
https://down-bs-id.img.susercontent.com/44c05ae7d6056d855d8f561c685351aa.webp,https://shope.ee/8f5BHVgOOI,66.000,40%,110.000,40.1,assets/images/40.jpg,LAMPU LED HIAS SELANG OUTDOR 10 METER WARNA-WARNI ...,Lampu LED Hias Selang Outdor 10 Meter Warna-Warni RGB Eksterior Natal Taman,star.png,1
https://down-bs-id.img.susercontent.com/id-11134207-7r98u-lqpkabihq4hx41.webp,https://shope.ee/2q7OKtiNaH,3.899,50%,7.798,612,assets/images/50.jpg,METERAN LAMPU LED STRIP 5050 SMD PER METER LED STR...,METERAN LAMPU LED STRIP 5050 SMD PER METER LED STRIP 5050 SMD,null.png,0
https://down-bs-id.img.susercontent.com/sg-11134201-22120-ow9tqm8my4kv7e.webp,https://shope.ee/3pzvWrxCZZ,38.400,30%,54.857,70.3,assets/images/30.jpg,RAK SEPATU 5 SUSUN GANTUNGAN PAYUNG / RAK SEPATU 5...,Rak Sepatu 5 Susun Gantungan Payung / Rak Sepatu 5 Tingkat Tempat Sepatu Sandal 5 Susun Rangka Besi & Plastik 4105,null.png,0
https://down-bs-id.img.susercontent.com/id-11134207-7qul2-ljplmb8pqnff6d.webp,https://shope.ee/2fny8ndYXe,46.000,30%,65.714,35.6,assets/images/30.jpg,BEDOLA RAK SEPATU X TEMPAT RAK SEPATU SUSUN RAK SE...,Bedola Rak sepatu X tempat rak sepatu susun rak sendal tempat sendal rak serbaguna plastic,null.png,0
https://down-bs-id.img.susercontent.com/id-11134207-7r98o-ll1kkk4f6ou8be.webp,https://shope.ee/7AGNV97H6H,4.698,50%,9.396,867,assets/images/50.jpg,COD KOTAK SEPATU PLASTIK TEBAL SERBAGUNA / TEMPAT ...,COD Kotak Sepatu Plastik Tebal Serbaguna / Tempat Penyimpanan Sepatu / Rak Sepatu U36 / U94,star.png,1
https://down-bs-id.img.susercontent.com/c6ff805d7d80492ad1cf4dff886c03b8.webp,https://shope.ee/40JLjOQeRC,6.533,30%,9.333,125,assets/images/30.jpg,KOTAK SEPATU LIPAT TRANSPARAN TEBAL SHOES STORAGE ...,Kotak Sepatu Lipat Transparan Tebal Shoes Storage Box Organizer Rak Sepatu Plastik Susun,null.png,0
https://down-bs-id.img.susercontent.com/id-11134207-7r98o-lkwi9l4fg2pgbe.webp,https://shope.ee/1qEr9V64rw,89.800,20%,112.250,123,assets/images/20.jpg,SUS-304 JEMURAN BAJU LIPAT STAINLESS STEEL JEMURAN...,SUS-304 Jemuran Baju Lipat Stainless Steel Jemuran Pakaian Basah Tahan Karat Jemuran Pakaian Outdoor / Indoor,null.png,0
https://down-bs-id.img.susercontent.com/id-11134207-7r98z-lnrz4p9uxg0r2c.webp,https://shope.ee/7fCe6FRSoU,87.800,20%,109.750,55.9,assets/images/20.jpg,WORLD HOME JEMURAN GANTUNGAN BAJU BAYI 3 SUSUN JEP...,World Home Jemuran Gantungan Baju Bayi 3 Susun Jepitan Baju Pakaian Bayi Baby Anak Jemuran Portable Menara Lipat Stainless,mall.png,2
https://down-bs-id.img.susercontent.com/id-11134207-7r98w-lpalu99mr6k74d.webp,https://shope.ee/7fCe6IqeNF,5.990,40%,9.983,77,assets/images/40.jpg,1 PCS HANGER BAJU DEWASA HANGER BAJU WARNA PASTEL ...,1 pcs Hanger Baju Dewasa hanger baju Warna Pastel Gantungan Serbaguna Hanger Baju Cantik Gantungan baju warna jemuran Gantungan akrilik Hanger Baju Gantungan Warna Anti Slip,null.png,0
https://down-bs-id.img.susercontent.com/924458fe8a397acb8a4e4dd86f34e1d9.webp,https://shope.ee/8A8uhIdin0,17.500,30%,25.000,76,assets/images/30.jpg,TIANG FLEKSIBEL GORDEN/ TIANG PINTU/ TIANG TIRAI K...,TIANG FLEKSIBEL GORDEN/ TIANG PINTU/ TIANG TIRAI KAMAR MANDI/ TIANG KOLONG DAPUR/ BATANG GORDEN/ tiang piaa ajaib / tongkat fleksibel/ tongkat kolong dapur/ tongkat pipa ajaib/ tongkat kamar mandi/ tongkat jemuran/ tongkat pintu tirai/ tongkat serba guna,null.png,0
https://down-bs-id.img.susercontent.com/e1e53b0597ed63609f8938352e9c3444.webp,https://shope.ee/1AzAMWox9v,29.400,30%,42.000,53,assets/images/30.jpg,TIANG SHOWER GORDEN HORDEN JENDELA GANTUNGAN JEMUR...,Tiang Shower Gorden Horden Jendela Gantungan Jemuran Baju Tanpa Bor Paku Besi Fleksible Rak Dinding,star.png,1
https://down-bs-id.img.susercontent.com/2487551215bc3b615c0029f690ce1d43.webp,https://shope.ee/3AkEkF2FsH,63.900,20%,79.875,52,assets/images/20.jpg,TIANG PIPA TONGKAT STAINLIST FLEKSIBEL 50CM-420CM ...,TIANG PIPA TONGKAT STAINLIST FLEKSIBEL 50CM-420CM TANPA PAKU /TIANG HORDEN GORDEN GORDENG HORDENG PINTU JENDELA/TIANG TONGKAT KOLONG DAPUR/PIPA SERBAGUNA SHOWER KAMAR MANDI RAK LEMARI JEMURAN BAJU/TIANG STAINLIST 1METER 2METER 3METER 4METER,null.png,0
https://down-bs-id.img.susercontent.com/id-11134207-7qul2-lh2i698aygmoc0.webp,https://shope.ee/9UeIKRtO2i,2.490,50%,4.980,62,assets/images/50.jpg,TALI JEMURAN PAKAIAN 5 METER 3 METER PRAKTIS / TAL...,TALI JEMURAN PAKAIAN 5 METER 3 METER PRAKTIS / TALI GANTUNGAN JEMURAN BAJU PORTABLE DENGAN KAIT SERBAGUNA / TALI JEMURAN LUBANG GROSIR,null.png,0
https://down-bs-id.img.susercontent.com/909018655109893ddb9bfa7e598cb554.webp,https://shope.ee/5V89Z9kj1F,2.149,30%,3.070,60,assets/images/30.jpg,TALI JEMURAN BAJU NYLON 5M & 10M ANTI SLIP / IKAT ...,Tali Jemuran Baju Nylon 5m & 10m Anti Slip / Ikat Tambang Nilon Kemah Camping Rafting 5 Meter Dan 10 Meter Clothesline Kuat Ikatan Motor Gojek Ojek Online Grab Gosend Kurir Pengikat Tebal,null.png,0
https://down-bs-id.img.susercontent.com/sg-11134201-22120-pi9l7z5cw4kvbe.webp,https://shope.ee/4fZ2ZhdDRg,464,50%,928,47,assets/images/50.jpg,JEPITAN JEMURAN ANTI KARAT STAINLESS STEEL JEPITAN...,Jepitan Jemuran Anti Karat Stainless steel Jepitan Baju Pakaian SS R584,star.png,1
https://down-bs-id.img.susercontent.com/sg-11134201-23030-ostisiu83sov62.webp,https://shope.ee/9A1Rw13Cmu,331,20%,414,39,assets/images/20.jpg,PENJEPIT JEPITAN JEMURAN GANTUNG BAJU PLASTIK SERB...,PENJEPIT JEPITAN JEMURAN GANTUNG BAJU PLASTIK SERBAGUNA MULTIFUNGSI,null.png,0
https://down-bs-id.img.susercontent.com/id-11134207-7r98q-lnu4c32wembt76.webp,https://shope.ee/2VUXzr4A8O,720,50%,1.440,286,assets/images/50.jpg,PENJEPIT PARANET - KLIP PARANET - PENJEPIT WARING ...,PENJEPIT PARANET - KLIP PARANET - PENJEPIT WARING - PENJEPIT JARING -KLIP NET,null.png,0
https://down-bs-id.img.susercontent.com/id-11134207-7r98t-lsr7r3x86vv1d6.webp,https://shope.ee/40JLmdxZjt,135,50%,270,226,assets/images/50.jpg,NETPOT HIDROPONIK JARING 5CM HITAM - NETPOT MURAH ...,Netpot hidroponik jaring 5cm hitam - Netpot murah - Netpot terlaris - Netpot bagus,null.png,0
https://down-bs-id.img.susercontent.com/4d6d6335e6fad26d59523098af992037.webp,https://shope.ee/9pH8jPndAI,210,50%,420,217,assets/images/50.jpg,NETPOT HIDROPONIK JARING 7CM,Netpot hidroponik jaring 7cm,star.png,1
https://down-bs-id.img.susercontent.com/sg-11134201-23010-es7fxpyzbulv08.webp,https://shope.ee/AUWpWgNfyi,1.450,30%,2.071,252,assets/images/30.jpg,BENIH SERIBUAN - ANEKA BIBIT SAYUR SAYURAN PAKET L...,BENIH SERIBUAN - Aneka Bibit Sayur Sayuran Paket Lengkap Varian Unggulan,star.png,1
https://down-bs-id.img.susercontent.com/id-11134207-7qul3-lgi0aodrov5ad6.webp,https://shope.ee/3fgVOAmTi6,1.000,40%,1.667,174,assets/images/40.jpg,BENIH SAYURAN UNGGUL RATUSAN BENIH SAYUR BENIH BIB...,Benih Sayuran Unggul Ratusan Benih Sayur Benih Bibit Sayuran,null.png,0
https://down-bs-id.img.susercontent.com/0bdcb72fcfec3fd2c70dd629161bf676.webp,https://shope.ee/AUWpWlqNyX,980,50%,1.960,166,assets/images/50.jpg,DRIP IRRIGATION SPIKE AUTOMATIC ALAT SIRAM TANAMAN...,DRIP IRRIGATION SPIKE AUTOMATIC ALAT SIRAM TANAMAN OTOMATIS TANCAP BOTOL BEKAS TANAH KEBUN POT 1pcs,null.png,0
https://down-bs-id.img.susercontent.com/id-11134207-7r98x-lmzqxvilwf1j74.webp,https://shope.ee/9exiXINQ3N,4.888,30%,6.983,163,assets/images/30.jpg,[BELI 5 GRATIS 1]POT TRAY SEMAI BIBIT BENIH / POT ...,[Beli 5 Gratis 1]Pot Tray Semai Bibit Benih / Pot Bibit / Seedling Pot - 21 / 32 / 50 / 72 / 105 / 128 / 200 Lubang,null.png,0
https://down-bs-id.img.susercontent.com/id-11134207-7qul8-lg6edhxef3w532.webp,https://shope.ee/40JLmvlyPg,4.400,30%,6.286,151,assets/images/30.jpg,ARTIFICIAL DRAINAGE CELL / DRAINASE CELL UKURAN 25...,Artificial Drainage Cell / Drainase Cell Ukuran 25CMx25CM (1PCS),mall.png,2
