https://down-bs-id.img.susercontent.com/bb530a690c9cd42eb0a4e906c54b6fda.webp,https://shope.ee/6fK6VbVyXV,49.000,20%,61.250,1.1,assets/images/20.jpg,HIASAN DINDING KOTAK SERBAGUNA - HIASAN DINDING. R...,HIASAN DINDING KOTAK SERBAGUNA - Hiasan Dinding. Rak dinding. kotak. tempel. Minimalis. Sudut. Kamar. Ruang tamu,null.png,0
https://down-bs-id.img.susercontent.com/sg-11134201-22120-rd5ljmqbcelvbc.webp,https://shope.ee/6ANpyrqRsP,1.799,50%,3.598,388,assets/images/50.jpg,WALLPAPER DINDING 3D FOAM MOTIF BATU BATA POLA KAR...,Wallpaper Dinding 3D Foam Motif Batu Bata Pola kartun anak-anak Doraemon Dekorasi Dinding Kamar Murah,star.png,1
https://down-bs-id.img.susercontent.com/fb4d066ae3a24c00a8415bf6e030fd31.webp,https://shope.ee/B6cptu0Tm,2.299,30%,3.284,182,assets/images/30.jpg,3D WALLPAPER DINDING DRICK FOAM PLAFON DEKORASI DI...,3D Wallpaper Dinding Drick Foam Plafon Dekorasi Dinding Kamar Tidur DIY Rumah High Quality,null.png,0
https://down-bs-id.img.susercontent.com/id-11134207-7r98p-lri908vfv7041c.webp,https://shope.ee/7AGNAoEwnF,6.500,50%,13.000,223,assets/images/50.jpg,WALLPAPER DINDING 3D FOAM MOTIF BATA DEKORASI DIND...,Wallpaper Dinding 3D Foam Motif Bata Dekorasi Dinding Kamar Ukuran 70 x 77CM,null.png,0
https://down-bs-id.img.susercontent.com/sg-11134201-22100-74f5vokhj9ivab.webp,https://shope.ee/2VUXcIQlYw,4.851,50%,9.702,99,assets/images/50.jpg,KACA CERMIN AESTHETIC ASLI 100% UKURAN 15CM X 15CM...,Kaca Cermin Aesthetic ASLI 100% Ukuran 15CM X 15CM / Kaca Cermin Rectangular Dekorasi Dinding Rumah Minimalis,null.png,0
https://down-bs-id.img.susercontent.com/sg-11134201-22120-imf3e5eu82kv02.webp,https://shope.ee/3pzvCn7Ldc,1.120,30%,1.600,127,assets/images/30.jpg,STIKER CERMIN HIASAN DINDING ANTI PECAH SEGI ENAM ...,Stiker Cermin Hiasan Dinding Anti Pecah Segi Enam Tempel Sticker Kaca Hexagonal Mirror Wall Decoration Sticker Acrylic Cermin Kaca Tempel /Cermin Hexagonal Dekorasi Dinding / Kaca Segi Enam Hexagon Dekorasi Dinding,null.png,0
https://down-bs-id.img.susercontent.com/id-11134207-7r98q-lo92gr4a69s3b0.webp,https://shope.ee/2q7O10N8sl,18.500,20%,23.125,57,assets/images/20.jpg,AESTHETIC CERMIN DINDING TEMPEL FRAMELES CERMIN HI...,Aesthetic Cermin Dinding Tempel Frameles Cermin Hiasan Dinding,null.png,0
https://down-bs-id.img.susercontent.com/id-11134207-7r98y-lnsfsznmtu699e.webp,https://shope.ee/20YH1WgdIv,3.350,30%,4.786,69,assets/images/30.jpg,DAUN RAMBAT SULUR ARTIFISIAL/F32/SEMANGKA DAUN/ JU...,Daun Rambat Sulur Artifisial/F32/Semangka daun/ Juntai Dinding / daun sulur / daun hias/2.2M,star.png,1
https://down-bs-id.img.susercontent.com/1fb64ddfad5ec3ab4b39c4a54f49c0c1.webp,https://shope.ee/2LB7QAVkyS,5.000,40%,8.333,53,assets/images/40.jpg,HURUF KAYU CUSTOM / HIASAN DINDING / DEKORASI / 3D...,Huruf Kayu Custom / Hiasan Dinding / Dekorasi / 3D Huruf Kayu / Logo Timbul / Custom Nama Kayu,null.png,0
https://down-bs-id.img.susercontent.com/aa1ad5460c391bf53b916d5549a3b58e.webp,https://shope.ee/7pW3yJwTbD,2.899,30%,4.141,51,assets/images/30.jpg,READY STOCK WALLPAPER DINDING 3D FOAM MOTIF BATU B...,Ready Stock Wallpaper Dinding 3D Foam Motif Batu Bata Dekorasi Dinding Kamar Murah,star.png,1
https://down-bs-id.img.susercontent.com/id-11134207-7qul3-lg67bx5j9vvs18.webp,https://shope.ee/LQ32aAcKx,8.950,30%,12.786,49,assets/images/30.jpg,(15X30CM) WALL DECOR PAJANGAN DINDING POSTER KAYU ...,(15X30CM) WALL DECOR PAJANGAN DINDING POSTER KAYU RUANGAN DEKORASI KAMAR PAJANGAN TEMBOK,null.png,0
https://down-bs-id.img.susercontent.com/id-11134207-7r98p-lqbeic4adwvm0b.webp,https://shope.ee/4AclbgL8qp,19.400,30%,27.714,47,assets/images/30.jpg,LIS LIST BORDER PROFIL WALL MOULDING/MOLDING PVC D...,Lis List Border Profil Wall Moulding/Molding PVC Dekorasi Hiasan Dinding,null.png,0
https://down-bs-id.img.susercontent.com/a1398532e5708817f8e9c02327808c10.webp,https://shope.ee/4AclbjkKPe,49.900,30%,71.286,248,assets/images/30.jpg,JAM DINDING KAYU CUSTOM NAMA FOTO HADIAH PERNIKAHA...,Jam Dinding Kayu Custom Nama Foto Hadiah Pernikahan Kado Nikah Nikahan Wedding Ulang Tahun,mall.png,2
https://down-bs-id.img.susercontent.com/624c20fa18d04f1d1cbbbc82955cf739.webp,https://shope.ee/3fgV0qyYQF,49.900,30%,71.286,45,assets/images/30.jpg,JAM DINDING CUSTOM HADIAH PERNIKAHAN KADO NIKAH NI...,Jam Dinding Custom Hadiah Pernikahan Kado Nikah Nikahan Wedding Foto Nama Kayu,mall.png,2
https://down-bs-id.img.susercontent.com/b6db6ea5c88c7f2e10a2426855c33092.webp,https://shope.ee/LQ32nnIJP,52.900,40%,88.167,18,assets/images/40.jpg,JAM DINDING HADIAH PERNIKAHAN KADO NIKAH WEDDING A...,jam Dinding Hadiah Pernikahan Kado Nikah Wedding Aesthetic,mall.png,2
https://down-bs-id.img.susercontent.com/7f0150e46cd3c351d7cd0c5909aa0aaa.webp,https://shope.ee/2fnxp74TUa,10.500,50%,21.000,14,assets/images/50.jpg,HIASAN PAJANGAN DINDING QUOTE ISLAMI MOTIVASI AEST...,Hiasan Pajangan Dinding Quote Islami Motivasi Aesthetic Dekorasi Rumah Qig,mall.png,2
https://down-bs-id.img.susercontent.com/915317cbf597bd68745a3ac72bd6084a.webp,https://shope.ee/3pzvDKXTgF,11.500,20%,14.375,53,assets/images/20.jpg,JAM DINDING TEMPEL ANALOG - 3D DIY MODERN CLOCK 7 ...,JAM DINDING TEMPEL ANALOG - 3D DIY MODERN CLOCK 7 MODEL - BDC,null.png,0
https://down-bs-id.img.susercontent.com/id-11134207-7r98v-lqwnrohvwth0ce.webp,https://shope.ee/4AclbyrXLv,48.000,30%,68.571,42,assets/images/30.jpg,JAM DINDING BESAR DIY DIAMETER 60-100 CM AKRILIK T...,Jam Dinding Besar DIY Diameter 60-100 cm Akrilik Tebal Jarum Jam 16CM Jarum Menit 24 CM,null.png,0
https://down-bs-id.img.susercontent.com/id-11134207-7qul6-lhtb1ervv0ny50.webp,https://shope.ee/8pObAbPgvB,51.000,20%,63.750,26,assets/images/20.jpg,(100% ORIGINAL) JAM DINDING BESAR RAKSASA GIANT WA...,(100% ORIGINAL) Jam Dinding Besar Raksasa Giant Wall Clock DIY 80-130cm,star.png,1
https://down-bs-id.img.susercontent.com/id-11134207-7r98o-lkzgh8owuk1b03.webp,https://shope.ee/1LIaGSzVRp,47.000,30%,67.143,23,assets/images/30.jpg,KALIGRAFI UNIK 1 SET - JAM DINDING KALIGRAFI ARAB ...,Kaligrafi Unik 1 Set - Jam Dinding Kaligrafi Arab Besar Murah,null.png,0
https://down-bs-id.img.susercontent.com/id-11134207-7qukw-lh6b3tywlu0ze3.webp,https://shope.ee/5pkzcncUsM,48.999,30%,69.999,26,assets/images/30.jpg,1 SET JAM DINDING KALIGRAFI TERBARU MEWAH,1 Set Jam Dinding Kaligrafi Terbaru Mewah,null.png,0
https://down-bs-id.img.susercontent.com/f71085cbe1da1d17bbbc82a52a2a07ec.webp,https://shope.ee/8f5B04z19t,40.640,20%,50.800,83.6,assets/images/20.jpg,TONG SAMPAH PLASTIK TERTUTUP MINIMALIS TEMPAT SAMP...,Tong Sampah Plastik Tertutup Minimalis Tempat Sampah Dengan Klik Otomatis Kotak Sampah Ruang Tamu Dapur Kamar Mandi HSB602,mall.png,2
https://down-bs-id.img.susercontent.com/07f1211856a1988a45189bc97276d3bf.webp,https://shope.ee/B6csWq2Bp,35.800,20%,44.750,57.6,assets/images/20.jpg,TEMPAT SAMPAH RUANG TAMU TONG SAMPAH PLASTIK TEMPA...,Tempat Sampah Ruang Tamu Tong Sampah Plastik Tempat Sampah Tertutup Kotak Sampah Kamar Mandi Trash Bin HSB161,mall.png,2
https://down-bs-id.img.susercontent.com/id-11134207-7r98u-llj0mt4q13es56.webp,https://shope.ee/3L3eePKlSH,52.000,20%,65.000,10.2,assets/images/20.jpg,TEMPAT SAMPAH INJAK 8L /10L/15L/20L TONG SAMPAH PL...,Tempat Sampah Injak 8L /10L/15L/20L Tong Sampah Plastik Tertutup Trash Bin Kotak Sampah Dapur Kamar Mandi Ruang Tamu,null.png,0
https://down-bs-id.img.susercontent.com/id-11134207-7r98u-lrgoemqycrr11f.webp,https://shope.ee/7UtDc9BTYS,870.200,30%,1.243.143,1.1,assets/images/30.jpg,MEJA TV GANTUNG MINIMALIS RAK TV GANTUNG MINIMALIS...,Meja TV gantung minimalis Rak TV gantung Minimalis Lemari TV Dinding Bupet TV Tempat Penyimpanan Kabinet Ruang Tamu Modern,mall.png,2
https://down-bs-id.img.susercontent.com/id-11134201-23030-jut8u6lud9nv01.webp,https://shope.ee/6pdWr7XwO6,98.900,30%,141.286,4.9,assets/images/30.jpg,KARPET POLOS ALAS LANTAI RUANG TAMU TIDUR PERMADAN...,Karpet polos alas lantai ruang tamu tidur permadani bulu sejadah sajadah minimalis anti slip murah 80 cm x 120 cm - NMs,null.png,0
https://down-bs-id.img.susercontent.com/id-11134207-7r98o-lksyggimdjtb30.webp,https://shope.ee/2LB7UtAOrm,139.900,30%,199.857,18.2,assets/images/30.jpg,KARPET POLOS LANTAI RUANG TAMU TIDUR PERMADANI MIN...,Karpet Polos Lantai Ruang Tamu Tidur Permadani Minimalis Anti slip 100 cm x 150 cm - Nms,null.png,0
https://down-bs-id.img.susercontent.com/id-11134207-7r992-llx71bwqh63oa9.webp,https://shope.ee/qMJiBfITI,149.900,20%,187.375,4.7,assets/images/20.jpg,CLASSIC CARPETS - PUNTEN SERIES | KARPET NGONTEN P...,Classic Carpets - Punten Series | Karpet Ngonten Polos Alas Lantai Ruang Tamu Bulu Minimalis Anti Slip 100x150cm,mall.png,2
https://down-bs-id.img.susercontent.com/id-11134207-7r98x-lmfje25830y43d.webp,https://shope.ee/2q7O5uRvzz,215.000,20%,268.750,8.6,assets/images/20.jpg,KARPET LANTAI POLYESTER UK 200 X 140CM/KARPET LANT...,Karpet Lantai Polyester Uk 200 x 140cm/Karpet Lantai Ruang Tamu,null.png,0
https://down-bs-id.img.susercontent.com/id-11134207-7r992-lm6tfhz3i3uv96.webp,https://shope.ee/7pW437d9jZ,151.000,30%,215.714,513,assets/images/30.jpg,RAK BUNGA BESI RAK STAND TEMPAT TARUH POT BUNGA SE...,Rak Bunga Besi Rak Stand Tempat Taruh Pot Bunga Sederhana Stand Bunga Dua Lapis Stand Dekorasi Ruang Tamu,null.png,0
https://down-bs-id.img.susercontent.com/sg-11134201-23020-4nx1sd80ybnv9f.webp,https://shope.ee/1fvQhqqHlY,80.000,30%,114.286,14.9,assets/images/30.jpg,EYRE DINDING BESI SOFA RUANG TAMU KREATIF MODERN L...,Eyre Dinding besi sofa ruang tamu kreatif modern latar belakang dinding hiasan dinding bunga dan hiasan dinding daun kerajinan logam Iron wall modern creative living room sofa background wall hanging flower and leaf wall hanging metal crafts,null.png,0
https://down-bs-id.img.susercontent.com/sg-11134201-22120-uin3mo8ngvkv95.webp,https://shope.ee/604PrrU6nE,7.150,50%,14.300,92,assets/images/50.jpg,ALAS MEJA RUANG TAMU CANTIK / TAPLAK MEJA TABLE BE...,Alas Meja Ruang Tamu Cantik / Taplak Meja Table Besar Tampilan Lebih Mewah -40x84 Motif Renda,star.png,1
https://down-bs-id.img.susercontent.com/id-11134207-7r98o-lkrn1m8hq2ve26.webp,https://shope.ee/2VUXhTOcdG,7.700,50%,15.400,43,assets/images/50.jpg,TAPLAK GOLD MEJA RUANG TAMU - MISSBEJOGROSIR,Taplak Gold Meja Ruang Tamu - missbejogrosir,null.png,0
https://down-bs-id.img.susercontent.com/d7bc86c5e7adac60008d30f49cb1d8cb.webp,https://shope.ee/5fRZTKtpCn,13.224,50%,26.448,33,assets/images/50.jpg,TAPLAK MEJA RUANG TAMU PLASTIK PVC TAHAN AIR OILPR...,Taplak Meja Ruang Tamu Plastik PVC Tahan Air Oilproof Cover Meja Table Mat Besar & Kecil Cantik,null.png,0
https://down-bs-id.img.susercontent.com/3b13ff38afbf61315c52e394e90019e6.webp,https://shope.ee/40JLUJqE9Y,37.500,30%,53.571,30,assets/images/30.jpg,TAPLAK MEJA RUANG TAMU / TAPLAK MEJA RUMBAI KOMBIN...,Taplak meja Ruang tamu / Taplak meja rumbai kombinasi ruang tamu / Taplak meja kaca rusng tamu bulu rasfur,star.png,1
https://down-bs-id.img.susercontent.com/id-11134207-7r98t-lln7nwrcog7b57.webp,https://shope.ee/qMJiYa8Ay,71.500,30%,102.143,26,assets/images/30.jpg,LAMPU PLAFON LAMPU KAMAR TIDUR LAMPU KAMAR LAMPU H...,Lampu Plafon Lampu Kamar Tidur Lampu Kamar Lampu Hias Lampu Plafon Minimalis Lampu Plafon Ruang Tamu Ceiling Lamp,null.png,0
