https://down-bs-id.img.susercontent.com/id-11134207-7r98z-lmd7hl4j6xsc33.webp,https://shope.ee/9zaX1l6eMs,57.819,30%,82.599,1.4,assets/images/30.jpg,BLOUSE SHIMMER PREMIUM | ATASAN WANITA WANITA | BL...,Blouse shimmer premium | atasan wanita wanita | Blouse terlaris,star.png,1
https://down-bs-id.img.susercontent.com/id-11134207-23020-3u6r2l3g6env03.webp,https://shope.ee/7AGLec2pNY,52.999,40%,88.332,26.8,assets/images/40.jpg,ALYA SHIRT - ATASAN WANITA - KEMEJA WANITA KERUT D...,Alya Shirt - Atasan Wanita - Kemeja wanita Kerut Depan,null.png,0
https://down-bs-id.img.susercontent.com/id-11134207-7qukz-livsqlb2rxq32a.webp,https://shope.ee/4fZ0g4kC3A,149.000,20%,186.250,15.1,assets/images/20.jpg,HIJABCHIC ZALINA STRIPE TOPS ATASAN MUSLIM WANITA ...,HijabChic Zalina Stripe Tops Atasan Muslim Wanita Stripe Best Seller,mall.png,2
https://down-bs-id.img.susercontent.com/27af2491a4d18fae90a9afd1953a76e1.webp,https://shope.ee/30Qmh5AvAI,34.100,40%,56.833,91.7,assets/images/40.jpg,ATASAN RAJUT WANITA TURTLENECK - KERAH TINGGI LENG...,Atasan Rajut Wanita Turtleneck - Kerah Tinggi Lengan Pendek - Kaos Turtleneck Rib Turtleneck Lengan Pendek - Kaos Viral Korea Style,star.png,1
https://down-bs-id.img.susercontent.com/id-11134207-7r98o-lpobujz6ifvy76.webp,https://shope.ee/2fnwIVSucc,65.000,20%,81.250,10.6,assets/images/20.jpg,VERONICA BLOUSE / ATASAN TULLE WANITA TERBARU DENG...,VERONICA BLOUSE / ATASAN TULLE WANITA TERBARU DENGAN MUTIARA,null.png,0
https://down-bs-id.img.susercontent.com/sg-11134201-23010-k4bl4hhixnmv3f.webp,https://shope.ee/LQ1WGsBLx,54.900,30%,78.429,41.2,assets/images/30.jpg,MEISA TUNIK - TUNIK CRINKLE - ATASAN MUSLIM WANITA...,Meisa Tunik - Tunik Crinkle - Atasan Muslim Wanita - Tunik Simple,null.png,0
https://down-bs-id.img.susercontent.com/id-11134207-7r98p-lpacbwf2hetp24.webp,https://shope.ee/604OGiRbli,109.000,10%,121.111,13.9,assets/images/10.jpg,HIJABCHIC ULYANI STRIPE TOPS - ATASAN MUSLIM STRIP...,HijabChic Ulyani Stripe Tops - Atasan Muslim Stripe Lembut Best Seller Terbaru,mall.png,2
https://down-bs-id.img.susercontent.com/id-11134207-7r98r-lsuwbzx0i5vqc4.webp,https://shope.ee/7zpSeSvq34,51.000,50%,102.000,19,assets/images/50.jpg,KEMEJA WANITA BAHAN POLO LINEN LAURA BLOUSE ATASAN...,Kemeja Wanita Bahan Polo Linen Laura Blouse Atasan Wanita Full Kancing Lengan Panjang Fashion Remaja Dewasa,star.png,1
https://down-bs-id.img.susercontent.com/id-11134207-7r98u-lr5ybhm1zs5ife.webp,https://shope.ee/3L3d5vUOZ6,55.000,30%,78.571,47.5,assets/images/30.jpg,YURIM BLOUSE RUFFLE - ATASAN WANITA - KEMEJA LINEN...,Yurim Blouse Ruffle - Atasan Wanita - Kemeja Linen Basic Lengan Panjang,null.png,0
https://down-bs-id.img.susercontent.com/id-11134207-7qul2-lh8jt57q0v6i41.webp,https://shope.ee/7AGLf1EjAY,72.000,20%,90.000,19.4,assets/images/20.jpg,MYBAMUS KINAN PUFF SLEEVE TOPS - BLOUSE LENGAN BAL...,Mybamus Kinan Puff Sleeve Tops - Blouse Lengan Ballon - Atasan Wanita Korean Style,mall.png,2
https://down-bs-id.img.susercontent.com/sg-11134201-7qvf2-ljqs2ccijbmfe8.webp,https://shope.ee/6fK548kU39,64.999,30%,92.856,5.2,assets/images/30.jpg,NAJWA- SETELAN WANITA ATASAN OWEN BLOUSE & ROK SPA...,NAJWA- Setelan Wanita Atasan Owen Blouse & Rok Span Panjang Hornet Knit Premium,null.png,0
https://down-bs-id.img.susercontent.com/f6f9e9c76ce8eb88906adfbb74f6733e.webp,https://shope.ee/10fiJlw2qc,58.000,30%,82.857,25.8,assets/images/30.jpg,SIVALI INNER RAJUT 028 - BAJU WANITA RAJUT LENGAN ...,SIVALI Inner Rajut 028 - Baju Wanita Rajut Lengan Panjang | Turtleneck - Atasan Wanita - Inner Hijab,null.png,0
https://down-bs-id.img.susercontent.com/id-11134207-7qukz-lkghlx8wg2hgfc.webp,https://shope.ee/9exgdjxRQq,40.035,40%,66.725,36.6,assets/images/40.jpg,ORIMOZA ATASAN BLOUSE RIBBED KNIT CLESY,Orimoza Atasan Blouse Ribbed Knit Clesy,mall.png,2
https://down-bs-id.img.susercontent.com/id-11134207-23010-khncsux2bqmv9a.webp,https://shope.ee/5fRXsQpOEw,149.111,30%,213.016,39.9,assets/images/30.jpg,JEAN BLOUSE | ATASAN WANITA CASUAL TERLARIS | BLOU...,JEAN BLOUSE | Atasan Wanita Casual Terlaris | Blouse Vintage,null.png,0
https://down-bs-id.img.susercontent.com/id-11134207-7qul1-lkhvsg9zsev6ee.webp,https://shope.ee/4psQsxi9Bd,72.000,20%,90.000,8.5,assets/images/20.jpg,MYBAMUS YUNA PLAYFULL KNIT TOPS  ATASAN MUSLIM WA...,Mybamus Yuna Playfull Knit Tops ... Atasan Muslim Wanita ... Blus Knit Lengan Panjang,mall.png,2
https://down-bs-id.img.susercontent.com/id-11134207-7qukx-ljs6c6c9k2gvfc.webp,https://shope.ee/8A8sr6Df2D,59.000,30%,84.286,17.6,assets/images/30.jpg,SIVALI ZIA KNIT TOP | ATASAN KNIT WANITA - KOREAN ...,SIVALI Zia Knit Top | Atasan Knit Wanita - Korean Top - Baju Knit Wanita Lengan Panjang - Long Sleeve,null.png,0
https://down-bs-id.img.susercontent.com/f3a0ca563454914dbe3bf93c4e9c0c52.webp,https://shope.ee/4Ack5nW4nd,79.000,30%,112.857,11.6,assets/images/30.jpg,YIKOO-KEMEJA KOREA LENGAN PANJANG BLOUSE WANITA SH...,yikoo-Kemeja korea lengan panjang blouse wanita shirt atasan pakaian,star.png,1
https://down-bs-id.img.susercontent.com/id-11134207-7r98t-ls8rymo61dty7a.webp,https://shope.ee/7KZlsCnL3w,59.999,30%,85.713,235,assets/images/30.jpg,DASTER KEKINIAN MOTIF TANGAN 3/4,DASTER KEKINIAN MOTIF TANGAN 3/4,null.png,0
https://down-bs-id.img.susercontent.com/id-11134207-7r98p-lm7i71nuzyj2f0.webp,https://shope.ee/10fiKd9hDC,45.000,30%,64.286,115,assets/images/30.jpg,DASTER PANJANG BUSUI SEMATA KAKI KEKINIAN,Daster Panjang Busui Semata Kaki Kekinian,null.png,0
https://down-bs-id.img.susercontent.com/id-11134207-7r98x-looa8v8o6tm47c.webp,https://shope.ee/6fK556mVXD,95.888,30%,136.983,106,assets/images/30.jpg,ARSY MIDI DRESS RAYON MOTIF BUNGA BY LEMOA BAHAN R...,Arsy Midi Dress Rayon Motif Bunga by Lemoa Bahan Rayon Premium Terlaris Ld 110 Pb 125 Katun Flowy Dress Busui Friendly Adem Fit Nyaman Daster Panjang Gamis Wanita Muslim Simple,null.png,0
https://down-bs-id.img.susercontent.com/27b8144eb638c8844b0ee2399162b90a.webp,https://shope.ee/5AVHIOvXkX,39.900,50%,79.800,86,assets/images/50.jpg,DASTER PANJANG SEMATA KAKI BUSUI KEKINIAN NON RUFF...,Daster Panjang Semata kaki Busui Kekinian Non Ruffle DRESSERIA,null.png,0
https://down-bs-id.img.susercontent.com/id-11134207-7r98z-lo6j9t9qw26g2a.webp,https://shope.ee/1LIYjO9GC9,28.999,50%,57.998,77,assets/images/50.jpg,AFI - EC - - PREMIUM AIRFLOW CRINCLE - DASTER DRES...,AFI - EC - - PREMIUM AIRFLOW CRINCLE - Daster Dress fuji JUMBO XL,star.png,1
https://down-bs-id.img.susercontent.com/id-11134207-7qul5-lhs74yq480nve7.webp,https://shope.ee/nB90lzEG,39.900,50%,79.800,76,assets/images/50.jpg,(CUCI GUDANG) DASTER SELUTUT RAYON PREMIUM GRADE A,(Cuci gudang) Daster Selutut Rayon Premium grade A,null.png,0
https://down-bs-id.img.susercontent.com/382f154fe1cae74cba1556f6d58a8c44.webp,https://shope.ee/1fvP87Dxke,24.500,50%,49.000,65,assets/images/50.jpg,DASTER JUMBO BUSUI DJ MAURA LD 120 TERBARU KANCING...,DASTER JUMBO BUSUI DJ MAURA LD 120 TERBARU KANCING DEPAN LENGAN PENDEK MURAH ADEM RAYON BATIK PEKALONGAN UKURAN XL XXL SATU MEKAR HOME DRESS DREES DRES Fulaizah Official Shop DASTER BATIK FA BATIKNUSANTARA11 Sapasara.collection SATRIAA KATIA PUSAKA JAYA,null.png,0
https://down-bs-id.img.susercontent.com/id-11134207-7r98o-lkpk5mnwolrf6c.webp,https://shope.ee/6ANoUQvgkb,56.090,50%,112.180,75,assets/images/50.jpg,CS-DASTER FANIYA RAYON MOTIF PREMIUM | HOMEWEAR | ...,CS-Daster Faniya Rayon motif Premium | Homewear | Daster Kerut | Daster Rayon,null.png,0
https://down-bs-id.img.susercontent.com/5794858dd0ff2b8be61b246ea17f3222.webp,https://shope.ee/8KSJ4TqDxW,25.000,30%,35.714,44,assets/images/30.jpg,DASTER MANOHARA ETNIK | VIRAL | KEKINIAN,DASTER MANOHARA ETNIK | VIRAL | KEKINIAN,star.png,1
https://down-bs-id.img.susercontent.com/id-11134207-7r98r-lns89vlr1xu18e.webp,https://shope.ee/9zaX3a0bM2,83.000,40%,138.333,45,assets/images/40.jpg,PAKET USAHA 3PCS DASTER GAMIS CRINGKLE AIRFLOW LD ...,Paket Usaha 3Pcs Daster Gamis Cringkle Airflow Ld 120cm Pb 125cm Lengan 3/4,star.png,1
https://down-bs-id.img.susercontent.com/700d121beb2fc164dd7354c0ec17a616.webp,https://down-bs-id.img.susercontent.com/700d121beb2fc164dd7354c0ec17a616.webp,58.000,20%,72.500,147.2,assets/images/20.jpg,BAJU ONE WAN ON SET DAILY OOTD PAJAMAS PIYAMA PAKA...,BAJU ONE WAN ON SET DAILY OOTD PAJAMAS PIYAMA PAKAIAN TIDUR CELANA SETELAN SETCEL TIE DYE 1 SATU KEMEJA BAHAN KATUN RAYON TWILL VISCOSE MODEL MOTIF TERBARU PREMIUM WANITA DEWASA TANGAN LENGAN PANJANG KEKINIAN JUMBO MURAH 2022 FASHION KOREAN STYLE LD 120,null.png,0
https://down-bs-id.img.susercontent.com/7e9462947739021bc2c5185f0b44d5b9.webp,https://shope.ee/4Ack730MWU,34.152,40%,56.920,186.1,assets/images/40.jpg,BAJU TIDUR PIYAMA WANITA DEWASA SETELAN CP MOTIF T...,Baju Tidur Piyama Wanita Dewasa Setelan CP Motif Trendy,null.png,0
https://down-bs-id.img.susercontent.com/id-11134207-7r98y-ls7vlfoc6vlp3d.webp,https://shope.ee/9UeGStW30D,40.990,40%,68.317,44.5,assets/images/40.jpg,BAJU TIDUR WANITA PIYAMA IMPORT LENGAN PANJANG,Baju Tidur Wanita Piyama Import Lengan Panjang,null.png,0
https://down-bs-id.img.susercontent.com/sg-11134201-22110-etnguo2bfdjv77.webp,https://shope.ee/nB9TnP10,108.000,50%,216.000,8.5,assets/images/50.jpg,LINGERIE SEXY KIMONO SILK SET PIYAMA SATIN BAJU TI...,Lingerie Sexy Kimono Silk Set Piyama Satin Baju Tidur Wanita Premium 884,null.png,0
https://down-bs-id.img.susercontent.com/id-11134207-7r98u-lsktfbihd4c40e.webp,https://shope.ee/5pky6HpVO2,89.900,40%,149.833,13.9,assets/images/40.jpg,[BEST SELLER] NYONYA PIYAMA POLY BAMBOO OVERSIZED ...,[BEST SELLER] Nyonya Piyama Poly Bamboo Oversized Cozy Set Celana Panjang Polos Vol 1,null.png,0
https://down-bs-id.img.susercontent.com/id-11134207-7r98r-lsku0xcra7w94c.webp,https://shope.ee/604OIdaWq3,129.900,30%,185.571,1.1,assets/images/30.jpg,[BEST SELLER] NYONYA PIYAMA POLY BAMBOO SET CLASSI...,[BEST SELLER] Nyonya Piyama Poly Bamboo Set Classic Couple (Onion Polos Herb),star.png,1
https://down-bs-id.img.susercontent.com/id-11134207-7r98w-lstca47k09pj0b.webp,https://shope.ee/9zaX44ATvK,13.867,50%,27.734,42,assets/images/50.jpg,OKEY BELI-BT003 BAJU TIDUR PIYAMA DASTER WANITA K...,...OKEY BELI...BT003 Baju Tidur Piyama Daster Wanita Korea Sexy Mini Dress Women Silk Satin Nightdress,null.png,0
https://down-bs-id.img.susercontent.com/id-11134207-7r990-ltc81j0vnz8n4d.webp,https://shope.ee/3VN3KAccXx,27.999,30%,39.999,33,assets/images/30.jpg,DASTER BALI LOBEK PENDEK LILIT,Daster Bali Lobek Pendek Lilit,null.png,0
https://down-bs-id.img.susercontent.com/2ee6380c3f2f08eb4e76e66b14f2eca7.webp,https://shope.ee/qMI9Q9GCg,70.800,30%,101.143,16,assets/images/30.jpg,BAJU TIDUR PIYAMA SET KEMEJA CP LENGAN PENDEK CELA...,BAJU TIDUR PIYAMA SET KEMEJA CP LENGAN PENDEK CELANA PANJANG IMPORT PREMIUM BANYAK MOTIF 3,null.png,0