https://down-bs-id.img.susercontent.com/id-11134207-7r98y-ltbt589x3u4440.webp,https://shope.ee/4fZ0WIrOug,18.900,30%,27.000,999,assets/images/30.jpg,PINKFLASH MATTE LIPSTIK LEMBUT TAHAN LAMA PELEMBAB...,PINKFLASH Matte Lipstik Lembut Tahan Lama Pelembab Pigmentasi Tinggi 21 Colors,mall.png,2
https://down-bs-id.img.susercontent.com/32b1d86ffbab1f412758ffc16fc318d0.webp,https://shope.ee/8KSIt6T1jE,24.000,40%,40.000,73.7,assets/images/40.jpg,AZZURA LONGLASTING LIPSTICK LIPSTIK TAHAN LAMA,AZZURA Longlasting Lipstick Lipstik Tahan Lama,mall.png,2
https://down-bs-id.img.susercontent.com/650736c6d7244f6d30cb30f4d4c4301a.webp,https://shope.ee/8Ulj5RwWIh,34.868,20%,43.585,142,assets/images/20.jpg,BELIA - WARDAH COLORFIT ULTRALIGHT MATTE LIPSTICK ...,BELIA - WARDAH Colorfit Ultralight Matte Lipstick 3.6g | lipstik mate wardah,null.png,0
https://down-bs-id.img.susercontent.com/id-11134207-7qul6-liplte8nd1zr0d.webp,https://shope.ee/7KZlhNPkBY,26.000,40%,43.333,110,assets/images/40.jpg,REVLON SUPERLUSTROUS LIPSTIK (CReaME LIPSTICK MAKE ...,Revlon SuperLustrous Lipstik (cr...me lipstick make up),mall.png,2
https://down-bs-id.img.susercontent.com/id-11134207-7r98v-ltbuv9av3x2fe5.webp,https://shope.ee/40JJjIEwr4,35.000,20%,43.750,296.3,assets/images/20.jpg,PINKFLASH 2 IN 1 DUAL-ENDED LIQUID LIPSTIK OMBRELI...,PINKFLASH 2 IN 1 Dual-ended Liquid Lipstik ombrelips Matte Velvet High Pigment Tahan lama,mall.png,2
https://down-bs-id.img.susercontent.com/id-11134207-7r98y-lt9s9pkkaypy96.webp,https://shope.ee/4psQisSIgc,129.630,10%,144.033,49.7,assets/images/10.jpg,LOReAL PARIS INFALLIBLE MATTE RESISTANCE LIQUID L...,L...Or...al Paris Infallible Matte Resistance Liquid Lipstick - Lip Cream Nyaman Pigmented Lipstik Make Up Lipcream Longlasting Transferproof Smudgeproof Tahan Lama 16 Jam Hyaluronic Acid Melembapkan,mall.png,2
https://down-bs-id.img.susercontent.com/id-11134207-7r991-lt1vobi084ehc7.webp,https://shope.ee/8KSItNHlBd,107.500,10%,119.444,852.6,assets/images/10.jpg,MAYBELLINE SUPERSTAY VINYL INK 4.2 ML - SHINY PIGM...,Maybelline Superstay Vinyl Ink 4.2 ml - Shiny Pigmented Liquid Lipstik Lipstick Make Up Lipcream Longlasting Waterproof Viral Tahan Lama 16 jam Glazed,mall.png,2
https://down-bs-id.img.susercontent.com/id-11134201-7qukz-leqnc0y4813ma7.webp,https://shope.ee/2VUVwhTxJy,16.400,50%,32.800,21,assets/images/50.jpg,NEW! CAPPUVINI PINK LIPSTICK MATTE 6 WARNA NUDE CO...,NEW! CAPPUVINI PINK Lipstick MATTE 6 Warna Nude Color Mosturizing Lipstik Korea Korean Lipstik,null.png,0
https://down-bs-id.img.susercontent.com/id-11134207-7r98p-lt57919ykfi58f.webp,https://shope.ee/5AVH7eISFZ,37.900,50%,75.800,346.3,assets/images/50.jpg,FOCALLURE LIPSTIK CREAM VELVET-MIST MATTE LIP CLAY...,FOCALLURE Lipstik Cream Velvet-Mist Matte Lip Clay #JasmineMeetsRose Kosmetik Bibir,mall.png,2
https://down-bs-id.img.susercontent.com/id-11134207-7r98x-ls9b8wn28g3d0f.webp,https://shope.ee/3L3cwMALva,16.000,20%,20.000,57.6,assets/images/20.jpg,IMPLORA INTENSE MATTE LIPSTICK / IMPLORA INTENSIF ...,IMPLORA Intense Matte Lipstick / Implora intensif lipstik / Impora Lipstick Matte Intense [BIRU],null.png,0
https://down-bs-id.img.susercontent.com/id-11134207-7qul8-lgfv1b10wwy606.webp,https://shope.ee/40JJjc6rxI,14.500,30%,20.714,999,assets/images/30.jpg,BELIA - IMPLORA URBAN LIP CREAM MATTE VELVET ( LIP...,BELIA - IMPLORA Urban Lip Cream Matte Velvet ( lipcream Lipstick Lipstik ),null.png,0
https://down-bs-id.img.susercontent.com/id-11134207-7r98y-lt8bc2pu47d504.webp,https://shope.ee/A9tx50YyhM,65.450,10%,72.722,16.4,assets/images/10.jpg,YOU CLOUD TOUCH JUICY TINT | HEALTHY GLOW LIPS | K...,YOU Cloud Touch Juicy Tint | Healthy Glow Lips | Korean Style Liptint Gloss | Melembapkan Bibir | Lipstik with Ceramide | [Hot Selling],mall.png,2
https://down-bs-id.img.susercontent.com/id-11134207-7r98y-lt573zgkzg7tcf.webp,https://shope.ee/8KSIu2185K,44.000,40%,73.333,138.8,assets/images/40.jpg,FOCALLURE #JASMINEMEETSROSE MATTE LIPSTICK-TAHAN A...,Focallure #JasmineMeetsRose Matte Lipstick-Tahan air kosmetik bibir lipstik,mall.png,2
https://down-bs-id.img.susercontent.com/id-11134207-7qukz-lh7m743mmto3ee.webp,https://shope.ee/1qEpAz7ioW,53.500,30%,76.429,6.9,assets/images/30.jpg,DIOR ADDICT LIP GLOW COLOR REVIVAL BALM LIPSTICK 3...,Dior Addict Lip Glow Color Revival Balm Lipstick 3.2gr / Lipglow / Lipstik / Lip balm / Lip Tint / Lip Tattoo / Lip Maximizer / Lip Gloss / Lip Plumper 100% Original,null.png,0
https://down-bs-id.img.susercontent.com/id-11134207-7r990-lsi3tkx6opif4a.webp,https://shope.ee/6pdV8Iceka,40.000,20%,50.000,26.2,assets/images/20.jpg,GLAD2GLOW CENTELLA SOOTHING MOISTURIZER GEL CICA P...,Glad2Glow Centella Soothing Moisturizer Gel Cica Pelembab Wajah 55g Oil-Control Hydrating Moisturizer Jerawat Control Cream Day & Night Cream Skincare Memperbaiki Skin Barrier dan Primer Menghidrasi Kulit Wajah,mall.png,2
https://down-bs-id.img.susercontent.com/id-11134207-7r98u-lse6igbn1e9lea.webp,https://shope.ee/6V0ejn6Id6,66.500,30%,95.000,52.9,assets/images/30.jpg,TRUE TO SKIN SUNFRIENDS SUNSCREEN GEL SPF 50 PA+++...,True to Skin Sunfriends Sunscreen Gel SPF 50 PA++++,mall.png,2
https://down-bs-id.img.susercontent.com/id-11134207-7qul9-livfuv66l0gm4c.webp,https://shope.ee/5pkxwmce8Z,2.398,40%,3.997,379,assets/images/40.jpg,BIOAQUA SHEET MASK MASTER SERIES PLANT | FLOWERS |...,BIOAQUA Sheet Mask Master Series Plant | Flowers | Fruit | Eye Mask | Facial Mask Brightening Glowing Moisturizing Skin Care | Hydrating Essence Face Mask Brightening Anti Acne Jerawat | Honey Vitamin C Masker Wajah Muka Pelembab Kulit Cosmetics,null.png,0
https://down-bs-id.img.susercontent.com/de1e8456561d2d30e9740fde462dc322.webp,https://shope.ee/qMHvYr90U,125.000,30%,178.571,13.3,assets/images/30.jpg,PUSAT MUKENA INDONESIA - MUKENA DEWASA RAYON 2IN1 ...,Pusat Mukena Indonesia - Mukena Dewasa Rayon 2in1 Aruna,mall.png,2
https://down-bs-id.img.susercontent.com/bfc9a1e4965b9f15cc6d8d9793a2bee3.webp,https://shope.ee/3L3cuEO0Wi,139.900,30%,199.857,13.6,assets/images/30.jpg,PUSAT MUKENA INDONESIA - MUKENA SILKY DAILY 2IN1 P...,Pusat Mukena Indonesia - Mukena Silky Daily 2in1 Premium Laser Cut Erina,mall.png,2
https://down-bs-id.img.susercontent.com/sg-11134201-22110-9evqheyd68jv40.webp,https://shope.ee/5V87UGsDIa,124.900,30%,178.429,5.3,assets/images/30.jpg,PUSAT MUKENA INDONESIA - MUKENA DEWASA RAYON 2IN1 ...,Pusat Mukena Indonesia - Mukena Dewasa Rayon 2In1 Renda Alkeema,mall.png,2
https://down-bs-id.img.susercontent.com/id-11134207-7r98y-lsxmkf5m9vg91a.webp,https://shope.ee/8zhzemcjS3,9.999,50%,19.998,100.5,assets/images/50.jpg,ABA - AGENBAJU - SAJADAH TRAVEL | SAJADAH SOUVENIR...,ABA - AGENBAJU - SAJADAH TRAVEL | SAJADAH SOUVENIR UMROH HAJI-sajadah mini-tahlilan-sajadah-oleholehhaji-oleholeh (READY STOCK),null.png,0
https://down-bs-id.img.susercontent.com/id-11134207-7r98r-lqld79hi23bkd8.webp,https://shope.ee/1qEp7elTmD,7.999,50%,15.998,66.1,assets/images/50.jpg,NAJWA - SAJADAH TRAVEL JUMBO / SAJADAH UKURAN 105X...,NAJWA - SAJADAH TRAVEL JUMBO / Sajadah UKURAN 105x60 / Sajadah Mukena Traveler Praktis Sejadah Part II ACC,null.png,0
https://down-bs-id.img.susercontent.com/sg-11134201-22100-o8rj0y5iveivc4.webp,https://shope.ee/6ANoHi6Hkv,2.685,50%,5.370,46.3,assets/images/50.jpg,?BELIDEH? ALAT HITUNG DIGITAL TASBIH / TASBIH DIGI...,?BELIDEH? Alat hitung digital Tasbih / Tasbih Digital / Tasbih Digital mini tally counter /Hand counter 1011 Packingan OPP R031,null.png,0
https://down-bs-id.img.susercontent.com/id-11134207-7r98r-lmaagp94h3f2e5.webp,https://shope.ee/qMHvyTNBG,79.999,30%,114.284,32.6,assets/images/30.jpg,MUKENA CALISTA SERIES | MUKENA TRAVEL MINI PARASUT...,Mukena Calista Series | Mukena Travel Mini Parasut Premium Polos | Mukena Travel Pouch Model 2in1 Resleting Dagu,star.png,1
https://down-bs-id.img.susercontent.com/id-11134207-7r98w-lrujoevkassp58.webp,https://shope.ee/qMHw0oq3Y,7.755,50%,15.510,30,assets/images/50.jpg,SAJADAH TRAVEL SEJADAH TRAVELING POUCH SOUVENIR HA...,Sajadah Travel Sejadah Traveling pouch souvenir haji &umroh Sajadah jumbo,null.png,0
https://down-bs-id.img.susercontent.com/id-11134207-7qul7-li1rrnchrbaia0.webp,https://shope.ee/20YFKDZywj,50.999,30%,72.856,19.6,assets/images/30.jpg,PRIMA MODE - MUKENA DEWASA TRAVELLING POLOS AMEENA...,PRIMA MODE - Mukena Dewasa Travelling Polos Ameena 2in1 Resleting Katun Premium,null.png,0
https://down-bs-id.img.susercontent.com/id-11134207-7r98z-lletgjgdofahf7.webp,https://shope.ee/9UeGG8LWRh,50.400,30%,72.000,13.2,assets/images/30.jpg,MUKENA AYANAA SERIES | MUKENA TRAVELING POUCH | MU...,Mukena Ayanaa Series | Mukena Traveling Pouch | Mukena Polos Model 2in1 Resleting,null.png,0
https://down-bs-id.img.susercontent.com/ad2233b6dadc7d7eec31fc20c3d822f0.webp,https://shope.ee/7pW2H8vKAt,159.500,40%,265.833,2,assets/images/40.jpg,SEPATU DINARA CHRISTY SEPATU SANDAL WANITA HEELS 5...,Sepatu Dinara Christy Sepatu Sandal Wanita Heels 5 Cm,mall.png,2
https://down-bs-id.img.susercontent.com/a35804fd03f018d2c82d6b0667ca7340.webp,https://shope.ee/5AVH6HvStF,159.500,40%,265.833,1.5,assets/images/40.jpg,SEPATU DINARA CELIIA SANDAL PESTA WANITA MULES HEE...,Sepatu Dinara Celiia Sandal Pesta Wanita Mules Heels 7 Cm,mall.png,2
https://down-bs-id.img.susercontent.com/ff80ca849f43235ea438c73d9a90ddb1.webp,https://shope.ee/5AVH6MXExh,159.000,40%,265.000,2.5,assets/images/40.jpg,SEPATU DINARA CASANDRA SANDAL WANITA HEELS 5 CM,Sepatu Dinara Casandra Sandal Wanita Heels 5 Cm,null.png,0
https://down-bs-id.img.susercontent.com/id-11134201-23030-y8uupd7uofov61.webp,https://shope.ee/AKDNFuuYxI,70.802,50%,141.604,20.3,assets/images/50.jpg,IMPORTIRFASHION PRIMADONA SEPATU SNEAKERS WANITA K...,Importirfashion Primadona Sepatu Sneakers Wanita Korea Import Cewek Sekolah Olahraga Woman Shoes PU Kulit Sintesis Premium Quality Size 36 Sampai 41 Free Kotak Box 0089,null.png,0
https://down-bs-id.img.susercontent.com/id-11134207-7r98s-ltag9ky293099a.webp,https://shope.ee/8KSIsJ0Yq7,73.000,40%,121.667,1.7,assets/images/40.jpg,GUDANG SEPATU ID VERONIKA SANDAL IMPORT WANITA CAS...,Gudang Sepatu Id Veronika Sandal Import Wanita Casual Trendy Hak Sedang 37-40 - 3047,mall.png,2
https://down-bs-id.img.susercontent.com/id-11134201-7r992-lpw25a1hp0j23c.webp,https://shope.ee/1VbyjpOHQp,1.890,50%,3.780,16,assets/images/50.jpg,HC INSOLE SEPATU WANITA KEBESARAN ALAS SEPATU TUMI...,HC Insole Sepatu Wanita Kebesaran Alas Sepatu Tumit Anti Lecet Sol Sepatu Untul Kaki Anti Lecet Bantalan Sepatu High Heels,null.png,0
https://down-bs-id.img.susercontent.com/id-11134207-7r98o-lnmv5i1jwd4sc7.webp,https://shope.ee/4KwA74uxSo,54.799,30%,78.284,13.2,assets/images/30.jpg,SEPATU SNEAKERS WANITA KOREA HR01-11,Sepatu Sneakers Wanita Korea HR01-11,star.png,1
https://down-bs-id.img.susercontent.com/id-11134207-7qukz-lfmdaprrnf0m55.webp,https://shope.ee/6ANoIVmE2U,10.500,30%,15.000,13.4,assets/images/30.jpg,MTE SHOE TREE / SADDLE SHOES / CATOKAN SEPATU / PE...,MTE SHOE TREE / SADDLE SHOES / CATOKAN SEPATU / PENYANGGA SEPATU,null.png,0
https://down-bs-id.img.susercontent.com/id-11134207-7r98u-lnvadyh4tt3d8c.webp,https://shope.ee/2ArfXDdhXm,50.900,30%,72.714,13.6,assets/images/30.jpg,COMANIER SANDAL FUJI WANITA KOREA PREMIUM SENDAL W...,Comanier Sandal Fuji Wanita Korea Premium Sendal Wanita Karet Jelly Wedges Platform Tebal Empuk Tali Belakang,mall.png,2
https://down-bs-id.img.susercontent.com/id-11134207-7r98o-lt7ha46nfdkt97.webp,https://shope.ee/AKDNGK6SnQ,36.500,40%,60.833,91,assets/images/40.jpg,SLIDE SANDAL BY HILOS - SANDAL SELOP WANITA MODEL ...,Slide Sandal By Hilos - Sandal Selop Wanita Model Korea Ready Stock Tipe Wedges Anti Air dan Anti Selip,star.png,1
https://down-bs-id.img.susercontent.com/1213bae0c71ad293b60c3d547793ae5d.webp,https://shope.ee/1fvOwStEV4,12.900,40%,21.500,73,assets/images/40.jpg,SANDAL FLAT WANITA JEPIT KUPAT,Sandal Flat Wanita Jepit Kupat,null.png,0
