https://down-bs-id.img.susercontent.com/id-11134207-7r992-lmfq5eq1zyq4bb.webp,https://shope.ee/40JJvrUOCx,49.999,30%,71.427,75.8,assets/images/30.jpg,CELANA HOMMY KALLYOUTFIT PART 2,CELANA HOMMY KALLYOUTFIT PART 2,null.png,0
https://down-bs-id.img.susercontent.com/id-11134207-7r98z-lsmqrmgrueyu54.webp,https://shope.ee/2q7MXlc9kR,170.050,40%,283.417,110,assets/images/40.jpg,FROYEMUL - BASIC TROUSERS (CELANA BAHAN FORMAL PRI...,FROYEMUL - Basic Trousers (Celana Bahan Formal Pria. Slimfit),mall.png,2
https://down-bs-id.img.susercontent.com/11d0c54fd8453ea2ccf81d0a01c03b17.webp,https://shope.ee/6ANoVxNiHT,88.110,40%,146.850,326,assets/images/40.jpg,ASOKA LOOSE PANTS 999 TROUSERS WANITA [PART 1] - C...,ASOKA Loose Pants 999 Trousers Wanita [PART 1] - Celana Kulot Wanita - Celana Kantor Formal/Casual,null.png,0
https://down-bs-id.img.susercontent.com/sg-11134201-22110-f7ev9snrarjv7a.webp,https://shope.ee/7zpShMXWbY,89.000,40%,148.333,433,assets/images/40.jpg,SIVALI LOOSE PANTS 332 TROUSERS WANITA [PART 1] CE...,SIVALI Loose Pants 332 Trousers Wanita [PART 1] Celana Anti Kusut - Celana Kulot Wanita - Celana Kantor Formal / Casual,null.png,0
https://down-bs-id.img.susercontent.com/sg-11134201-22110-qadtu0tvl2jv73.webp,https://shope.ee/qMIAF6KJn,99.900,30%,142.714,90.5,assets/images/30.jpg,SIVALI BONNIE CARGO PANTS - HIGHWAIST LOOSE CARGO ...,SIVALI Bonnie Cargo Pants - Highwaist Loose Cargo Petite - Celana Kargo Wanita - Baggy Pants,null.png,0
https://down-bs-id.img.susercontent.com/502b32550bcb84613a3acd267c838554.webp,https://shope.ee/6zwvVdYMnE,7.550,50%,15.100,572.1,assets/images/50.jpg,BEE - CELANA DALAM SEAMLESS TANPA JAHITAN ANTI NYE...,BEE - Celana Dalam Seamless Tanpa Jahitan Anti Nyeplak Fashion Es Sutra CD Wanita TM 810,null.png,0
https://down-bs-id.img.susercontent.com/sg-11134201-22120-0agshivjo7kvad.webp,https://shope.ee/4Ack8THbyX,85.000,30%,121.429,117.2,assets/images/30.jpg,SIVALI LOOSE PANTS 332 TROUSERS WANITA [PART 2] CE...,SIVALI Loose Pants 332 Trousers Wanita [PART 2] Celana Anti Kusut - Celana Kulot Wanita - Celana Kantor Formal / Casual,null.png,0
https://down-bs-id.img.susercontent.com/140d515e91a50753058bc2cb087cd5e9.webp,https://shope.ee/3pztjvzC2N,54.999,50%,109.998,71.3,assets/images/50.jpg,CELANA WANITA HIGHWAIST KULOT JEANS WANITA LOOSE G...,Celana Wanita Highwaist Kulot Jeans Wanita Loose grosir Bajuu,null.png,0
https://down-bs-id.img.susercontent.com/id-11134207-7r990-ln6s3umaqp3j76.webp,https://shope.ee/3fgTXgTTyr,60.000,30%,85.714,100.8,assets/images/30.jpg,LASSIE ALPHA J23 AUTENTIK HW CELANA PANJANG HIGHWA...,Lassie Alpha J23 Autentik HW Celana Panjang Highwaist Kulot celana jeans wanita cargo pants jeans boyfriend jeans kulot celana kargo wanita high waist jeans biru muda jeans kasual jeans longgar celana,mall.png,2
https://down-bs-id.img.susercontent.com/id-11134201-7qukz-lgxft1qgp93zd2.webp,https://shope.ee/6pdVJYP5FX,28.600,30%,40.857,41.4,assets/images/30.jpg,TERAS - KULOT WANITA KNIT PANTS - KULOT KNIT PREMI...,Teras - Kulot wanita Knit Pants - Kulot Knit Premium - Celana Wanita Murah Berkualitas - Celana bawahan Kulot Knit Wanita Tebal - Loose Pants Higwaist Kulot RIB PREMIUM - Kulot Wanita Highwaist Knit Premium Jumbo XXL Kekinian terlaris -Kulot Knit RIB,null.png,0
https://down-bs-id.img.susercontent.com/cf521d62884f24e61753c54d8c230709.webp,https://shope.ee/4KwAL0XFfH,16.000,30%,22.857,367.9,assets/images/30.jpg,LEGING WANITA DEWASA PANJANG - LEJING WANITA TEBAL...,Leging Wanita Dewasa Panjang - Lejing Wanita Tebal - Celana Legging Panjang Wanita Legging Dewasa Leging Polos,null.png,0
https://down-bs-id.img.susercontent.com/sg-11134201-22110-kspw5e5dgikvef.webp,https://shope.ee/8f59V2Jbjk,69.900,30%,99.857,97,assets/images/30.jpg,DAVELLINE - CELANA KULOT KNIT BERKUALITAS - KINAN ...,Davelline ... Celana Kulot Knit Berkualitas - Kinan Knit Pants Premium,null.png,0
https://down-bs-id.img.susercontent.com/id-11134207-7qul0-lgnifh2u8i567e.webp,https://shope.ee/7pW2VYUIbk,59.500,40%,99.167,64.9,assets/images/40.jpg,CELANA WANITA KULOT GARIS BASIC HW IRENE CULLOTES ...,Celana Wanita Kulot Garis Basic HW Irene Cullotes Scuba Wide Leg Kulot Premium,null.png,0
https://down-bs-id.img.susercontent.com/id-11134207-7qul2-lgzvppoky1rm32.webp,https://shope.ee/50Br8OrD5Q,57.900,30%,82.714,39.9,assets/images/30.jpg,CELANA CUTBRAY BASIC PREMIUM WIDE LEG//CELANA KERJ...,CELANA CUTBRAY BASIC PREMIUM WIDE LEG//CELANA KERJA WANITA//CELANA WANITA TERMURAH//CELANA PANJANG CUTBRAY TWILL COMBET PREMIUM,star.png,1
https://down-bs-id.img.susercontent.com/5bc41c5bb06e8b56d982e25d1d95e758.webp,https://shope.ee/A9txHwJGdh,52.000,30%,74.286,156.2,assets/images/30.jpg,CELANA JEANS PINGGANG KARET LEJING SLIM/NGARET/STR...,celana jeans pinggang karet lejing slim/ngaret/street by kngrosirjeans,null.png,0
https://down-bs-id.img.susercontent.com/id-11134207-7qul0-lhu39ubszfcv2a.webp,https://shope.ee/5fRXviqViT,59.999,30%,85.713,17.6,assets/images/30.jpg,COD LULU PUTIH KREM HIGHWAIST CARGO,COD LULU Putih Krem Highwaist Cargo,null.png,0
https://down-bs-id.img.susercontent.com/id-11134207-7qul4-lkgd4wtav3v8ef.webp,https://shope.ee/1Az8ZVJhKD,50.600,30%,72.286,52.9,assets/images/30.jpg,CELANA CARGO PANTS | CELANA KARGO DRILL | KULOT | ...,Celana Cargo Pants | Celana Kargo Drill | Kulot | Wide Leg Pants |,star.png,1
https://down-bs-id.img.susercontent.com/sg-11134201-22120-dpyoxlbamclv35.webp,https://shope.ee/7zpSi6WXfs,74.894,30%,106.991,85.4,assets/images/30.jpg,SIVALI LOOSE PANTS TROUSERS WANITA - CELANA ANTI K...,SIVALI Loose Pants Trousers Wanita - Celana Anti Kusut - Celana Kulot Wanita - Celana Kantor Formal/Casual 118,null.png,0
https://down-bs-id.img.susercontent.com/id-11134207-7qukw-li2xdy1qylp46a.webp,https://shope.ee/7UtC7EohAE,37.500,30%,53.571,70.1,assets/images/30.jpg,KORSET PELANGSING PERUT PREMIUM TUBUH WANITA CELAN...,korset pelangsing perut Premium Tubuh Wanita Celana High waist Shaper Kualitas Body Pants Dalam 612,null.png,0
https://down-bs-id.img.susercontent.com/sg-11134201-22100-w0y5inneguiv10.webp,https://shope.ee/6fK57kdatV,38.000,50%,76.000,121.2,assets/images/50.jpg,LAKOEINDONESIA KORSET CELANA KORSET PELANGSING PER...,LAKOEINDONESIA Korset Celana Korset Pelangsing Perut Wanita,mall.png,2
https://down-bs-id.img.susercontent.com/7e5db9fc060e16539636ac17ae519aa8.webp,https://shope.ee/3pztkaDpit,6.900,50%,13.800,636.9,assets/images/50.jpg,HTTPS://SHOPE.EE/3PZTKADPIT,https://shope.ee/3pztkaDpit,null.png,0
https://down-bs-id.img.susercontent.com/id-11134207-7qul0-lisp7g2be4q254.webp,https://shope.ee/9A1Q6Qwmob,19.800,20%,24.750,20.7,assets/images/20.jpg,TUTULADY CELANA DALAM WANITA KATUN MID WAIST CD BU...,TUTULADY Celana Dalam Wanita Katun Mid Waist CD Bunga Kecil lucu Fashion,null.png,0
https://down-bs-id.img.susercontent.com/6bfd0fe42fc149815e33313a5588acfe.webp,https://shope.ee/40JJwzk2de,3.499,50%,6.998,999.9,assets/images/50.jpg,NAJWA - UNDIES CELANA DALAM WANITA POLOS ESSE SIZE...,NAJWA - Undies celana dalam wanita polos esse size M.L.XL.XXL Esse . Cyber Girl . Chaoji,null.png,0
https://down-bs-id.img.susercontent.com/id-11134207-7qukw-lh2rx3bk5jr701.webp,https://shope.ee/7AGLiviMFQ,85.000,40%,141.667,16.3,assets/images/40.jpg,POPLIN SKIRT / ROK LAYER / ROK KOREA (READY DITULI...,POPLIN SKIRT / ROK LAYER / ROK KOREA (READY DITULIS PO HANYA UNTUK PENGEMASAN 1-3 HARI),star.png,1
https://down-bs-id.img.susercontent.com/id-11134207-7r98z-lpd3v25bpapmea.webp,https://shope.ee/6fK57xCH8U,78.300,50%,156.600,37.7,assets/images/50.jpg,ORIMOZA ROK JEANS SKIRT THEANA,Orimoza Rok Jeans Skirt Theana,null.png,0
https://down-bs-id.img.susercontent.com/072ccc221a3446bd31ed84b76c01aafc.webp,https://shope.ee/7KZlvGu2uH,34.599,50%,69.198,485.5,assets/images/50.jpg,ROK PLISKET PREMIUM / ROK MAYUNG PLISKET / GRADE A...,ROK PLISKET PREMIUM / ROK MAYUNG PLISKET / GRADE A / FIT TO XXL,null.png,0
https://down-bs-id.img.susercontent.com/id-11134207-7qul7-lh3m3plham2rf7.webp,https://shope.ee/8A8suqPGNu,64.000,40%,106.667,33.9,assets/images/40.jpg,ROK CARGO SERUT / CARGO SKIRT WANITA,Rok Cargo Serut / Cargo Skirt Wanita,null.png,0
https://down-bs-id.img.susercontent.com/id-11134207-7r98u-ll3fhkh2irt8f8.webp,https://shope.ee/g2rzCArCu,70.000,40%,116.667,54.5,assets/images/40.jpg,ROK BLUDRU ROK VELVET BULU PANJANG PLISKET MAXI KE...,ROK BLUDRU ROK VELVET BULU PANJANG PLISKET MAXI KERJA ABG POLOS LEMBUT PREMIUM PAYUNG MURAH GROSIR,null.png,0
https://down-bs-id.img.susercontent.com/id-11134207-7r98r-llycx1rta2as69.webp,https://shope.ee/1fvPB5adWV,78.450,40%,130.750,4.6,assets/images/40.jpg,ORIMOZA ROK JEANS SPAN SKIRT RAWIS JENNIE,Orimoza Rok Jeans Span Skirt Rawis Jennie,mall.png,2
https://down-bs-id.img.susercontent.com/id-11134207-7qul1-lk5a5idq9rure8.webp,https://shope.ee/8UljJj8Oe3,99.000,40%,165.000,8.1,assets/images/40.jpg,SIVALI TAYLOR CARGO SKIRT - ROK KARGO SERUT WANITA...,SIVALI Taylor Cargo Skirt - Rok Kargo Serut Wanita Pocket Long Skirt Maxi Panjang,null.png,0
https://down-bs-id.img.susercontent.com/sg-11134201-22110-ykq1837smckvff.webp,https://shope.ee/9exghuY9SG,99.900,30%,142.714,13.3,assets/images/30.jpg,SIVALI BAILEY SKIRT 8862 | POLYESTER SKIRT ANTI KU...,SIVALI Bailey Skirt 8862 | Polyester Skirt Anti Kusut - Midi Maxi Korean Loose Skirt - Rok Wanita,null.png,0
https://down-bs-id.img.susercontent.com/id-11134207-7r98s-lss1nz0h65hide.webp,https://shope.ee/nBCDXb3q,96.000,40%,160.000,7.4,assets/images/40.jpg,ORIMOZA ROK CARGO SKIRT LIST JEANS,Orimoza Rok Cargo Skirt List Jeans,mall.png,2
https://down-bs-id.img.susercontent.com/id-11134207-23030-5t13ekcs7povad.webp,https://shope.ee/2VUWAqVvwF,79.000,30%,112.857,18.3,assets/images/30.jpg,SIVALI ODILA SKIRT 803/804 - POLYESTER SKIRT ANTI ...,SIVALI Odila Skirt 803/804 - Polyester Skirt Anti Kusut - Midi Maxi Korean Loose Skirt - Rok Wanita,null.png,0
https://down-bs-id.img.susercontent.com/id-11134207-7qul7-lk09sd5lulnfc2.webp,https://shope.ee/AKDNVJ0lud,67.559,40%,112.598,19..6,assets/images/40.jpg,ROK NUNA SKIRT KOREAN STYLE BAHAN COTTON TWILL PRE...,Rok Nuna Skirt Korean Style Bahan Cotton Twill Premium / Rok Panjang Wanita Muat BB Standart Dan Jumbo,null.png,0
https://down-bs-id.img.susercontent.com/170d2ca8f4085fe0af98a7bc5593e52e.webp,https://shope.ee/6V0ewJrc4f,14.400,50%,28.800,566.9,assets/images/50.jpg,LEGGING SOFT RAYON KAOS L.XL.XXL.XXXL/ LEGING PANJ...,Legging Soft Rayon Kaos L.XL.XXL.XXXL/ Leging Panjang,star.png,1
https://down-bs-id.img.susercontent.com/id-11134207-7r98w-lpaq8wtsaz6586.webp,https://shope.ee/nBCPxY0B,50.000,30%,71.429,13.3,assets/images/30.jpg,AURANY CELANA INNER WANITA MUSLIMAH CELAMIS DALAMA...,AURANY Celana Inner Wanita Muslimah Celamis Dalaman Gamis Legging iner Panjang Jumbo PREMIUM JOGGER,null.png,0
https://down-bs-id.img.susercontent.com/cf521d62884f24e61753c54d8c230709.webp,https://shope.ee/5pky9CZizD,16.000,50%,32.000,367.9,assets/images/50.jpg,LEGING WANITA DEWASA PANJANG - LEJING WANITA TEBAL...,Leging Wanita Dewasa Panjang - Lejing Wanita Tebal - Celana Legging Panjang Wanita Legging Dewasa Leging Polos,star.png,1
https://down-bs-id.img.susercontent.com/id-11134207-7qul4-ljiekb44wn6v6c.webp,https://shope.ee/g2iZLhkZv,56.436,30%,76.400,5.4,assets/images/20.jpg,CELANA LEGGING IBU HAMIL LEGING WANITA BUMIL MATER...,Celana Legging Ibu Hamil Leging Wanita Bumil Maternity Jumbo Premium Nyaman Elastis 903,mall.png,2
